actor/clip_fraction,actor/entropy,actor/iterations,actor/kl,actor/loss,actor/std,actor/stop,critic/iterations,critic/loss,critic/v,test/action/max,test/action/mean,test/action/min,test/action/size,test/action/std,test/episode_length/max,test/episode_length/mean,test/episode_length/min,test/episode_length/size,test/episode_length/std,test/episode_score/max,test/episode_score/mean,test/episode_score/min,test/episode_score/size,test/episode_score/std,train/action/max,train/action/mean,train/action/min,train/action/size,train/action/std,train/episode_length/max,train/episode_length/mean,train/episode_length/min,train/episode_length/size,train/episode_length/std,train/episode_score/max,train/episode_score/mean,train/episode_score/min,train/episode_score/size,train/episode_score/std,train/episodes,train/epoch_seconds,train/epoch_steps,train/epochs,train/seconds,train/steps,train/steps_per_second,train/worker_steps
0.16797256,8.347687,80.0,0.00628165,-0.027034348,0.6870128,0.0,80.0,51.32522,9.963078,2.9885516,0.09752792,-2.9373095,5000,0.7189087,1000,1000.0,1000,5,0.0,520.4916184376925,483.8335920511745,424.84551276639104,5,32.23954260124142,3.1198688,0.08654529,-2.9011965,20000,0.72087246,1000,485.9,23,40,351.9724278974136,583.7818366046995,240.1873363268729,3.4128550458699465,40,181.43694647768868,40.0,84.07986044883728,20000.0,1.0,84.07986044883728,20000.0,237.8690912810212,20000.0
0.18311113,8.262137,51.8,0.0081263585,-0.028499149,0.67973536,0.007722007722007722,80.0,19.563227,30.148487,2.9144647,0.1041068,-2.6870325,5000,0.7252512,1000,1000.0,1000,5,0.0,615.4498466390651,553.9124180550687,454.56506151962094,5,54.70486950463737,3.2409563,0.10030002,-3.4814293,20000,0.725123,1000,758.5384615384615,118,26,337.94858857629526,588.2505930713378,402.1631610240281,53.21845113672316,26,192.29764709602327,66.0,82.02905368804932,20000.0,2.0,166.20352602005005,40000.0,243.81605176208157,40000.0
0.1501144,8.174612,27.4,0.006614448,-0.02221563,0.67234635,0.029197080291970802,80.0,7.164223,45.860493,2.9820054,0.06342548,-2.5787816,3430,0.7106559,1000,686.0,289,5,315.94113375754034,627.2204285785556,374.4731257449836,133.74348225817084,5,202.18376245846122,3.0948946,0.10073915,-2.8946338,20000,0.7195026,1000,794.6,94,25,336.1515134578454,643.9741606754251,441.1321956479689,40.10293752606958,25,208.05552507773086,91.0,76.0348310470581,20000.0,3.0,242.31572771072388,60000.0,263.0373438670754,60000.0
0.18289621,8.055593,40.6,0.008171618,-0.029238654,0.6624335,0.014778325123152709,80.0,3.1352344,51.096054,3.0329058,0.11369278,-2.704615,4181,0.7165578,1000,836.2,464,5,215.97814704270428,598.9500639624894,475.76856910286006,227.6990428166464,5,134.05851907058627,3.0656447,0.07834126,-2.8917592,20000,0.70997304,1000,851.375,164,24,265.50405089502243,644.0445245001465,463.7449520726089,66.34724160656333,24,162.93675475789163,115.0,80.06506180763245,20000.0,4.0,322.46247935295105,80000.0,249.79684706985935,80000.0
0.07480093,8.020872,7.8,0.006251521,-0.0077299844,0.65959674,0.1282051282051282,80.0,2.4685311,54.261803,3.1570103,0.09054769,-2.7952223,5000,0.7124883,1000,1000.0,1000,5,0.0,630.5608543319395,616.0767447191989,599.0986261451617,5,10.73291115751716,3.11587,0.07203601,-3.1901608,20000,0.709032,1000,964.7619047619048,597,21,102.09281713547527,656.5176507644355,560.1105954368832,325.5792150879279,21,77.11392122810092,136.0,81.76578402519226,20000.0,5.0,404.3040244579315,100000.0,244.6010912564349,100000.0
0.11254112,7.923601,19.0,0.010002634,-0.016073227,0.6516682,0.05263157894736842,80.0,2.505871,56.017998,3.089476,0.08571056,-3.3235314,5000,0.7051953,1000,1000.0,1000,5,0.0,660.5113753471524,617.7160810765345,566.2857761078048,5,30.18840869035601,3.2845092,0.120027624,-3.268823,20000,0.71443576,1000,861.3478260869565,346,23,231.75223064367165,667.5579692535102,530.7261033922474,180.17944322526455,23,159.57626082558176,159.0,79.42191338539124,20000.0,6.0,483.8054347038269,120000.0,251.8196697547553,120000.0
0.14715447,7.790761,28.2,0.008540843,-0.021243142,0.6410017,0.028368794326241134,80.0,1.789245,61.723667,3.0464125,0.07123535,-2.9812274,5000,0.7124381,1000,1000.0,1000,5,0.0,678.9707332700491,649.4097937416285,601.5898995026946,5,29.49355970866271,3.188015,0.10968178,-3.2635362,20000,0.70591706,1000,986.5,730,20,58.84513573779909,674.6812094040215,632.6193867179448,481.7668820670806,20,38.77230204400504,179.0,82.58386278152466,20000.0,7.0,566.4758095741272,140000.0,242.17806392648325,140000.0
0.15194784,7.6748815,22.2,0.010384877,-0.027323876,0.63189757,0.036036036036036036,80.0,1.6187369,65.50869,2.8233802,0.036621984,-2.4430218,5000,0.70487887,1000,1000.0,1000,5,0.0,696.9306884575635,666.6800811987371,634.1800796464086,5,25.8659482402212,3.382785,0.077733226,-3.1187356,20000,0.7006914,1000,1000.0,1000,20,0.0,716.7459469279274,669.86878186916,624.7346243159845,20,20.561947463839456,199.0,79.6342236995697,20000.0,8.0,646.1887836456299,160000.0,251.14830120593075,160000.0
0.12916917,7.570724,16.25,0.008826298,-0.014990916,0.62376446,0.06153846153846154,80.0,1.6427243,66.0184,2.8673315,0.024686432,-3.277445,4703,0.69999665,1000,940.6,703,5,118.8,717.6406104303896,617.3547962197102,383.5901243588887,5,119.70777489081152,3.078895,0.03131599,-3.1232398,20000,0.7091549,1000,1000.0,1000,20,0.0,721.9106118865311,670.2187707738718,625.9545274935663,20,25.203757471851315,219.0,79.31646633148193,20000.0,9.0,725.594987154007,180000.0,252.15445070907919,180000.0
0.15042265,7.4633074,24.4,0.007610681,-0.025698015,0.6154426,0.03278688524590164,80.0,1.4863056,68.75277,3.0889735,0.030204752,-2.8804767,5000,0.7009635,1000,1000.0,1000,5,0.0,749.9436651924625,736.1950604263693,724.6191349597648,5,9.640970943028453,2.999626,0.025111679,-2.9581141,20000,0.70839643,1000,1000.0,1000,20,0.0,746.8438134184107,695.0705113259494,657.4700496643782,20,22.083246249046272,239.0,82.23452639579773,20000.0,10.0,807.9068825244904,200000.0,243.2068484682368,200000.0
0.18632898,7.294178,68.8,0.012086269,-0.031950936,0.6026967,0.0029069767441860465,80.0,1.3978516,70.90415,3.0214677,0.018750265,-2.8805163,5000,0.71621746,1000,1000.0,1000,5,0.0,741.0162169970572,727.1598919363227,706.05800903216,5,12.741871366547985,3.1857994,0.03742263,-2.9990728,20000,0.71237224,1000,1000.0,1000,20,0.0,759.496416207403,722.7728803153419,647.8496608566493,20,27.83284525092524,259.0,81.89660954475403,20000.0,11.0,889.893581867218,220000.0,244.2103538983577,220000.0
0.16568966,7.1246834,36.4,0.007286173,-0.027892547,0.5901348,0.016483516483516484,80.0,1.8021413,72.60721,2.9694011,0.0024782235,-3.5364914,5000,0.7089776,1000,1000.0,1000,5,0.0,791.8527559936047,752.3318100120872,725.2865371108055,5,23.319527729560434,3.5036132,0.0022465,-2.9887705,20000,0.71981055,1000,1000.0,1000,20,0.0,777.6087792185135,728.8501946358592,636.1188979670405,20,36.341717965543275,279.0,79.1225814819336,20000.0,12.0,969.1012263298035,240000.0,252.77233914020724,240000.0
0.16379459,7.035774,22.6,0.011007223,-0.029014837,0.5836031,0.04424778761061947,80.0,1.6015488,75.653854,2.7466762,-0.03370717,-2.8511097,5000,0.6990937,1000,1000.0,1000,5,0.0,786.0133441996295,763.1696683209855,748.4062274210155,5,13.83122881618437,3.0089927,-0.0041747214,-3.119249,20000,0.71409005,1000,1000.0,1000,20,0.0,802.0878259688616,760.64784432741,732.1890519075096,20,19.894841148919905,299.0,77.20469737052917,20000.0,13.0,1046.3886075019836,260000.0,259.0515950605159,260000.0
0.16726035,6.9115615,24.4,0.008990807,-0.028321872,0.57457316,0.03278688524590164,80.0,1.3590884,78.07972,3.000269,-0.02136609,-2.967162,5000,0.7097073,1000,1000.0,1000,5,0.0,820.8256243318319,805.9800184844993,800.9326841048896,5,7.557419991483608,3.0053632,-0.023204513,-3.075712,20000,0.71012074,1000,1000.0,1000,20,0.0,855.5263640899211,778.6944371263846,734.0815426874906,20,27.970435036704494,319.0,78.45130968093872,20000.0,14.0,1124.9098718166351,280000.0,254.93519587295546,280000.0
0.15221229,6.7928057,18.2,0.010578572,-0.024792735,0.5660758,0.054945054945054944,80.0,1.064424,80.34548,2.9877906,-0.06354138,-2.7209175,5000,0.70076567,1000,1000.0,1000,5,0.0,829.8122560679913,804.6263359034434,762.7589956671,5,26.77012815205493,3.1040616,-0.042059015,-3.1721334,20000,0.7044775,1000,1000.0,1000,20,0.0,847.1341949864291,805.2698323966121,764.0658343285322,20,22.62119634157143,339.0,78.00577783584595,20000.0,15.0,1202.9957370758057,300000.0,256.39126427388067,300000.0
0.17343435,6.623947,37.2,0.010402158,-0.028565643,0.554313,0.021505376344086023,80.0,0.85061234,81.62878,2.5449207,-0.038358476,-3.0056129,5000,0.694866,1000,1000.0,1000,5,0.0,829.3159633949399,814.2705319914967,796.6792144775391,5,11.755946323485041,2.8541152,-0.045440484,-3.2483459,20000,0.6993066,1000,1000.0,1000,20,0.0,852.3993160761893,810.2203609654796,744.6135398894548,20,28.128529916448965,359.0,77.6690411567688,20000.0,16.0,1280.8154850006104,320000.0,257.5028570216489,320000.0
0.121516444,6.4659686,13.4,0.00928057,-0.015611467,0.54355603,0.07462686567164178,80.0,0.7696969,82.40091,2.5306153,-0.05529154,-2.738863,5000,0.6759255,1000,1000.0,1000,5,0.0,850.969798438251,820.8196613086387,785.8492192924023,5,21.744797653490412,3.0334766,-0.050241362,-2.9940965,20000,0.6857381,1000,1000.0,1000,20,0.0,864.5298866089433,817.5675753373238,749.7041301876307,20,28.78720999691157,379.0,77.32047295570374,20000.0,17.0,1358.2098717689514,340000.0,258.6637049085025,340000.0
0.18131742,6.291035,44.0,0.008646085,-0.032394458,0.531866,0.011363636363636364,80.0,0.5449542,83.27898,2.9609048,-0.0134733645,-2.652692,5000,0.6716635,1000,1000.0,1000,5,0.0,855.3408957123756,817.6535081557929,781.3728018924594,5,24.731923540862034,3.087295,-0.040671647,-2.9556522,20000,0.6854986,1000,1000.0,1000,20,0.0,865.3397248126566,830.8082026598422,763.5037121921778,20,27.747254537743952,399.0,76.67121028900146,20000.0,18.0,1434.9565472602844,360000.0,260.8541057929408,360000.0
0.15767455,6.1493025,20.6,0.0074038557,-0.027750319,0.5226314,0.038834951456310676,80.0,0.50861377,84.267586,2.7780142,-0.057818547,-2.6227853,5000,0.65231776,1000,1000.0,1000,5,0.0,880.0698541067541,835.6048685312271,778.0199997276068,5,36.41910973922241,2.9111066,-0.025710443,-2.863359,20000,0.6612442,1000,1000.0,1000,20,0.0,877.7571700811386,835.7920683688484,779.9775727838278,20,29.33723212310361,419.0,79.20774960517883,20000.0,19.0,1514.2362914085388,380000.0,252.50054571292026,380000.0
0.16967227,5.989634,26.8,0.009999932,-0.028409148,0.51253873,0.029850746268656716,80.0,0.51288825,84.13344,2.4134011,-0.064404115,-2.4650416,5000,0.6431376,1000,1000.0,1000,5,0.0,880.4576557949185,871.8588599130511,860.7239881828427,5,8.44052514355313,2.8236368,-0.023198487,-2.8574548,20000,0.6564761,1000,1000.0,1000,20,0.0,872.6149570792913,842.2943845215137,790.4957905113697,20,22.212235722733794,439.0,77.14977359771729,20000.0,20.0,1591.4728825092316,400000.0,259.2360167417492,400000.0
0.1574707,5.8561373,24.2,0.011263808,-0.026125725,0.5042719,0.03305785123966942,80.0,0.4578045,86.0729,2.4858627,0.027358402,-2.4986467,5000,0.6317136,1000,1000.0,1000,5,0.0,885.0065859407187,857.4961019344628,821.4409178644419,5,24.393928045119882,2.8653398,-0.04745553,-3.0173447,20000,0.6463032,1000,1000.0,1000,20,0.0,891.1439880188555,860.2801118304254,806.0936957150698,20,22.970982021633017,459.0,77.90317010879517,20000.0,21.0,1669.45600771904,420000.0,256.72896201873596,420000.0
0.1578243,5.724059,17.4,0.010165188,-0.022104505,0.49623647,0.05747126436781609,80.0,0.42817363,86.71443,2.680618,-0.012958783,-2.4261816,5000,0.64764667,1000,1000.0,1000,5,0.0,910.8056944459677,866.3568395756186,809.877025142312,5,40.54412360857253,2.599018,-0.014524981,-2.6721923,20000,0.6335812,1000,1000.0,1000,20,0.0,892.4946141690016,864.6154454891105,820.5054709166288,20,18.152881173042662,479.0,77.50637125968933,20000.0,22.0,1747.0377190113068,440000.0,258.0433024401169,440000.0
0.14028178,5.5930295,13.8,0.009851491,-0.018844903,0.4882917,0.07246376811594203,80.0,0.3574314,88.480156,2.6790862,-0.026715882,-2.4548244,5000,0.63107693,1000,1000.0,1000,5,0.0,898.7467886507511,877.5866777007002,831.8167810607702,5,23.577484468016916,2.7214823,-0.013328698,-2.7917426,20000,0.6250584,1000,1000.0,1000,20,0.0,915.5845187753439,880.0095730436035,828.0477392412722,20,21.59976422200189,499.0,77.86366558074951,20000.0,23.0,1824.9818060398102,460000.0,256.85921476762155,460000.0
0.18059266,5.3799853,42.4,0.008306081,-0.03093587,0.47579,0.014150943396226415,80.0,0.4102056,89.50412,2.581366,-0.014208603,-3.0042386,5000,0.60025287,1000,1000.0,1000,5,0.0,914.5997302681208,901.3130991581827,890.0866973549128,5,7.826409491832111,2.6726327,-0.034664243,-2.664366,20000,0.616316,1000,1000.0,1000,20,0.0,910.892152145505,884.3838666994474,844.2610286176205,20,18.606751157998556,519.0,79.05552816390991,20000.0,24.0,1904.1238791942596,480000.0,252.98673558328477,480000.0
0.097373046,5.2370477,10.0,0.008601811,-0.011347831,0.4676864,0.1,80.0,0.33489177,89.99344,2.7595923,-0.048461113,-2.7363052,5000,0.6079973,1000,1000.0,1000,5,0.0,904.4505026191473,894.5029714018107,875.747601620853,5,10.367813260689157,2.8037677,-0.027155502,-2.6042619,20000,0.61625206,1000,1000.0,1000,20,0.0,922.6147381770425,891.9115731263475,827.6797280460596,20,22.580633591565565,539.0,78.28576803207397,20000.0,25.0,1982.4886722564697,500000.0,255.47427716115558,500000.0
0.14816463,5.121979,17.0,0.010592406,-0.021544363,0.46108633,0.058823529411764705,80.0,0.39183322,89.79504,2.4025173,-0.034404125,-2.7038803,5000,0.5861532,1000,1000.0,1000,5,0.0,917.776817932725,904.0886297538876,896.0306878983974,5,7.653865533911546,2.6066058,-0.03580136,-2.6368206,20000,0.60114187,1000,1000.0,1000,20,0.0,919.1547840312123,885.2427019460126,838.9543519504368,20,16.730945192110983,559.0,77.12034106254578,20000.0,26.0,2059.684586048126,520000.0,259.33495267843404,520000.0
0.15716268,5.0096345,21.4,0.008498696,-0.02453865,0.45457602,0.037383177570093455,80.0,0.39579773,90.02117,2.0376847,-0.10045226,-2.5977693,5000,0.6002367,1000,1000.0,1000,5,0.0,907.6447153091431,880.6329776320606,850.4018990267068,5,19.386810605813096,2.634535,-0.05372178,-2.6316507,20000,0.5918199,1000,1000.0,1000,20,0.0,918.2819868922234,899.2524506121408,866.56184245646,20,13.975195863089843,579.0,79.68650984764099,20000.0,27.0,2139.445058822632,540000.0,250.98351073775973,540000.0
0.15809216,4.9017515,19.8,0.009712579,-0.026486142,0.44854608,0.050505050505050504,80.0,0.2741709,91.0936,2.4269247,-0.05936975,-2.5937285,5000,0.58760345,1000,1000.0,1000,5,0.0,920.5267194770277,909.5796196002514,886.4194273483008,5,12.473549206868515,2.475038,-0.0192631,-2.6303916,20000,0.5923358,1000,1000.0,1000,20,0.0,925.1563482582569,904.6278812139877,873.8619962781668,20,14.20730311379906,599.0,77.45862102508545,20000.0,28.0,2216.9904034137726,560000.0,258.20237612444555,560000.0
0.17938808,4.7610054,21.2,0.010762088,-0.026585983,0.4408236,0.03773584905660377,80.0,0.29553455,91.50834,2.1785977,-0.049653575,-2.4084892,5000,0.5710943,1000,1000.0,1000,5,0.0,923.1151928380132,913.4148152880371,893.585130982101,5,10.252279147423287,2.7346182,-0.032876056,-2.3965364,20000,0.5866343,1000,1000.0,1000,20,0.0,930.1135354340076,907.9087020622101,878.5076689273119,20,13.09852582919604,619.0,78.40669202804565,20000.0,29.0,2295.4694933891296,580000.0,255.08026780221905,580000.0
0.16888882,4.6379933,24.2,0.0100138225,-0.025767574,0.4341825,0.03305785123966942,80.0,0.29574916,91.938194,2.6199064,-0.033858214,-2.5813947,5000,0.58367753,1000,1000.0,1000,5,0.0,921.0380950644612,915.8798577644862,910.211196526885,5,3.744094771505415,2.5279756,0.0074321562,-2.5232687,20000,0.5939882,1000,1000.0,1000,20,0.0,929.083148194477,911.8596953497123,886.8926490694284,20,10.203917202796045,639.0,77.62471795082092,20000.0,30.0,2373.183158636093,600000.0,257.6498894678237,600000.0
0.08164535,4.5463457,6.2,0.0071601267,-0.006912813,0.4291816,0.16129032258064516,80.0,0.327534,91.8862,2.3033128,-0.00060672057,-2.6618788,5000,0.5850479,1000,1000.0,1000,5,0.0,933.0790693163872,921.2870382510125,891.1205693744123,5,15.508041412625655,2.496623,-0.04228529,-2.4034717,20000,0.57488614,1000,1000.0,1000,20,0.0,947.6266552507877,916.1903793188743,836.1408764570951,20,21.8103996868901,659.0,78.53522753715515,20000.0,31.0,2451.801768541336,620000.0,254.66278798947855,620000.0
0.18055701,4.387693,37.4,0.011131757,-0.029846497,0.42083463,0.016042780748663103,80.0,0.3177171,92.825264,2.1609674,-0.03610645,-2.2502556,5000,0.5618845,1000,1000.0,1000,5,0.0,953.8927330225706,933.6438065752387,911.4355890080333,5,13.935719456843463,2.6254969,-0.044046935,-2.308583,20000,0.57701653,1000,1000.0,1000,20,0.0,949.5728409290314,922.7475991349668,843.7213272452354,20,21.941334131448077,679.0,77.8890323638916,20000.0,32.0,2529.768872976303,640000.0,256.77556124412394,640000.0
0.121308595,4.267047,10.0,0.008147696,-0.01217891,0.41466892,0.1,80.0,0.31251577,93.11335,2.453342,-0.014634021,-2.3001823,5000,0.57420504,1000,1000.0,1000,5,0.0,979.206999938935,931.8633880897426,886.5941660474055,5,30.244673794206378,2.569456,-0.05203067,-2.3429673,20000,0.56971574,1000,1000.0,1000,20,0.0,962.7444380819798,924.512624927255,888.3636051267385,20,20.538369251987508,699.0,78.07868671417236,20000.0,33.0,2607.9328076839447,660000.0,256.15184939284745,660000.0
0.18850946,4.149358,28.2,0.010544347,-0.02898278,0.4086833,0.028368794326241134,80.0,0.33836964,94.22816,2.2208986,-0.061605815,-2.1752882,5000,0.5718962,1000,1000.0,1000,5,0.0,956.5686063896865,932.0941114272922,907.3760519623756,5,15.828896510589177,2.4120586,-0.039048582,-2.5983636,20000,0.5681571,1000,1000.0,1000,20,0.0,978.0536085665226,934.1213434361853,896.9082450401038,20,25.188171616548843,719.0,78.45083332061768,20000.0,34.0,2686.4632346630096,680000.0,254.93674386176082,680000.0
0.10986328,4.0554514,8.25,0.008108511,-0.010960526,0.404059,0.12121212121212122,80.0,0.4077963,95.02688,2.3317432,0.009124234,-2.1889873,5000,0.5782648,1000,1000.0,1000,5,0.0,983.8460671305656,958.6599862549454,912.8016193732619,5,28.373235688159937,2.5591881,0.0006115574,-2.2940235,20000,0.57251763,1000,1000.0,1000,20,0.0,987.9449982270598,942.1336720310617,881.6818868555129,20,32.78042751432099,739.0,76.1350827217102,20000.0,35.0,2762.680060148239,700000.0,262.69098666516487,700000.0
0.18176492,3.9690533,22.0,0.008987243,-0.030278826,0.39980733,0.03636363636363636,80.0,0.38218644,94.86957,2.2409132,-0.026623532,-2.1692176,5000,0.56091946,1000,1000.0,1000,5,0.0,982.901925124228,953.5812854539603,913.2590835504234,5,23.390485112133597,2.6677234,-0.0011590173,-2.3358345,20000,0.56449705,1000,1000.0,1000,20,0.0,999.9738269895315,938.740854733903,896.3555561006069,20,31.401963798347968,759.0,78.68308782577515,20000.0,36.0,2841.44384431839,720000.0,254.1842288178269,720000.0
0.19926505,3.7736866,46.4,0.009673683,-0.035547916,0.39036506,0.01293103448275862,80.0,0.3196978,94.79273,2.2461586,-0.017358312,-2.1568444,5000,0.54317623,1000,1000.0,1000,5,0.0,1011.1642660573125,967.5521766468883,925.9866903573275,5,27.22215937196089,2.6251457,-0.011509581,-2.3747113,20000,0.5529916,1000,1000.0,1000,20,0.0,1022.0014252960682,950.178352670325,884.8134850536007,20,35.864690060638196,779.0,78.56219458580017,20000.0,37.0,2920.0902688503265,740000.0,254.57537312246782,740000.0
0.16278416,3.5778618,14.4,0.010979529,-0.02060342,0.3811243,0.06944444444444445,80.0,0.562702,98.12883,2.578669,0.024350313,-2.0977893,5000,0.5705147,1000,1000.0,1000,5,0.0,1023.6566752493382,983.1186783730984,955.7207007855177,5,22.78558133227615,2.826167,0.025012081,-2.2086449,20000,0.5535044,1000,1000.0,1000,20,0.0,1025.046478871256,972.3353327250188,886.2133816555142,20,39.80252213222385,799.0,78.19029092788696,20000.0,38.0,2998.3649990558624,760000.0,255.78623333740404,760000.0
0.10491388,3.5057747,6.6,0.007547485,-0.00819001,0.37769416,0.15151515151515152,80.0,0.4912261,97.5684,2.4797313,0.03503785,-2.0219939,5000,0.5551251,1000,1000.0,1000,5,0.0,1039.8253267258406,1024.2840374149382,1005.1907778084278,5,11.062955715367073,2.4211502,-0.0076167267,-2.279244,20000,0.5384692,1000,1000.0,1000,20,0.0,1062.0695727169514,979.1547175358457,907.2293659681454,20,44.17780350661564,819.0,79.11026763916016,20000.0,39.0,3077.5565729141235,780000.0,252.81168420797826,780000.0
0.10170611,3.45443,6.8,0.007624657,-0.008741405,0.37522838,0.14705882352941177,80.0,0.6348554,99.35785,2.428074,0.021401515,-2.1385388,5000,0.54577875,1000,1000.0,1000,5,0.0,1031.1368063092232,991.2549573235214,934.0535514727235,5,31.901551768519465,2.342669,-0.011962318,-2.3640254,20000,0.53811336,1000,1000.0,1000,20,0.0,1068.7024950683117,993.2216637718724,896.6339839100838,20,59.66980638742734,839.0,77.01913380622864,20000.0,40.0,3154.6449596881866,800000.0,259.6757326603766,800000.0
0.106147766,3.4121752,6.4,0.007489682,-0.008149504,0.37321323,0.15625,80.0,0.9486344,101.30779,2.2710586,0.021737846,-1.9866339,5000,0.5582127,1000,1000.0,1000,5,0.0,1080.6335880160332,1018.997221038118,877.7036963868886,5,76.1129562536125,2.523676,0.0014646896,-2.2876756,20000,0.539703,1000,1000.0,1000,20,0.0,1088.5842019841075,1008.894232997665,899.4921071603894,20,62.388460112870014,859.0,78.04128527641296,20000.0,41.0,3232.757199048996,820000.0,256.2746106648856,820000.0
0.09732259,3.3714864,6.0,0.0077491403,-0.007404289,0.3713579,0.16666666666666666,80.0,1.386448,104.162605,2.2645,0.008522482,-2.150163,5000,0.5474421,1000,1000.0,1000,5,0.0,1066.291077375412,993.5087727900594,902.63167411834,5,61.65946137800718,2.6567335,0.03664502,-2.205088,20000,0.56303096,1000,1000.0,1000,20,0.0,1151.7284950241446,1034.0997361289337,911.1363835930824,20,74.4155724169868,879.0,76.9731867313385,20000.0,42.0,3309.811740875244,840000.0,259.830739109276,840000.0
0.19171488,3.3206694,26.5,0.011684172,-0.032198366,0.36913294,0.03773584905660377,80.0,1.3158426,104.287674,2.3511121,-0.005801278,-2.0299377,5000,0.53428763,1000,1000.0,1000,5,0.0,1093.7639582008123,962.6923300776631,880.5920272022486,5,97.64634798635797,2.410212,0.008449094,-2.2071662,20000,0.55224377,1000,1000.0,1000,20,0.0,1172.8422539159656,1054.8457838159986,875.0743531957269,20,87.91154671678633,899.0,78.57604241371155,20000.0,43.0,3388.46568274498,860000.0,254.5305080993745,860000.0
0.102423415,3.2691438,7.6,0.008292664,-0.009046473,0.36687833,0.13157894736842105,80.0,1.6311514,105.02605,2.3022509,-0.005508309,-2.1486197,5000,0.5402699,1000,1000.0,1000,5,0.0,1125.839169960469,1008.2787906741723,938.0018212348223,5,71.19360791604367,2.6646981,0.01969555,-2.311153,20000,0.54940474,1000,1000.0,1000,20,0.0,1193.3530727028847,1040.9699628524017,847.8470644652843,20,83.57670349237277,919.0,78.05195307731628,20000.0,44.0,3466.5967121124268,880000.0,256.2395841675929,880000.0
0.13690545,3.22329,10.2,0.009551297,-0.012384823,0.3647753,0.09803921568627451,80.0,2.1280572,109.772995,2.2807097,0.021138342,-2.0322216,5000,0.54768634,1000,1000.0,1000,5,0.0,1234.2689310386777,1101.3444329563529,955.7303661331534,5,101.40594293423999,2.326967,0.007200949,-2.2062657,20000,0.56368774,1000,1000.0,1000,20,0.0,1215.8820688277483,1083.7464558346662,868.78227128461,20,104.0976090084842,939.0,77.79661798477173,20000.0,45.0,3544.4623625278473,900000.0,257.0805841960237,900000.0
0.21011828,3.1096673,36.0,0.011806735,-0.037767924,0.3595016,0.016666666666666666,80.0,2.3625996,115.392265,2.248112,0.015011145,-1.9494009,5000,0.5512134,1000,1000.0,1000,5,0.0,1237.6085667610168,1095.4540632561316,941.9710296767298,5,100.51910503938635,2.39398,0.017220458,-2.3466678,20000,0.56178147,1000,1000.0,1000,20,0.0,1270.2332634329796,1167.3650029986397,906.5485768467188,20,95.16085964791382,959.0,80.36771893501282,20000.0,46.0,3624.9134109020233,920000.0,248.85613608335032,920000.0
0.11503642,3.0479178,7.4,0.008177943,-0.010542311,0.35667852,0.13513513513513514,80.0,2.534658,114.82962,2.0694945,0.0058883424,-2.0408018,5000,0.5763598,1000,1000.0,1000,5,0.0,1317.3609245419502,1249.8661286354065,1179.5387401208282,5,48.22852029417849,2.2669244,0.021429537,-2.169225,20000,0.57179177,1000,1000.0,1000,20,0.0,1288.864033833146,1165.1117499826942,928.5343912094831,20,102.24962515975963,979.0,79.46451306343079,20000.0,47.0,3704.45871257782,940000.0,251.68467318280102,940000.0
0.11880154,3.0153272,7.2,0.008540699,-0.010439665,0.3553095,0.1388888888888889,80.0,2.457858,121.18643,2.2959142,-0.004474029,-2.0586543,5000,0.5802881,1000,1000.0,1000,5,0.0,1325.4907054305077,1184.469858042011,880.2600332621951,5,159.21842058273148,2.5818286,0.01135602,-2.4268405,20000,0.5748164,1000,1000.0,1000,20,0.0,1350.5383689552546,1187.8416880521459,904.7849779427052,20,128.81198576570034,999.0,81.41062498092651,20000.0,48.0,3786.008271932602,960000.0,245.66817911895097,960000.0
0.21413206,2.9480083,21.2,0.010387232,-0.03692841,0.35232228,0.03773584905660377,80.0,2.831608,122.17857,2.18864,0.02065663,-2.2688036,5000,0.58169705,1000,1000.0,1000,5,0.0,1430.632498189807,1254.495735064149,1032.9963158518076,5,132.14276587442887,2.6334057,0.01590423,-2.2345798,20000,0.57837856,1000,1000.0,1000,20,0.0,1398.8039670139551,1227.4731188925914,836.8725130558014,20,160.3873806928237,1019.0,79.72855854034424,20000.0,49.0,3865.829619884491,980000.0,250.85114250346822,980000.0
0.12034153,2.919191,7.4,0.008516988,-0.010095907,0.35105485,0.13513513513513514,80.0,3.1256342,129.80818,2.1606498,0.009363148,-2.122054,5000,0.57477134,1000,1000.0,1000,5,0.0,1419.0100465416908,1193.1412502419203,870.1591047849506,5,215.92432763149745,2.3301387,0.011469427,-2.1580431,20000,0.58470577,1000,1000.0,1000,20,0.0,1447.9722422510386,1287.1841008888732,884.3721004351974,20,147.244388008993,1039.0,78.09575128555298,20000.0,50.0,3944.0048542022705,1000000.0,256.09587808267645,1000000.0
0.086995445,2.8956802,6.0,0.007841446,-0.0069375355,0.34995133,0.16666666666666666,80.0,3.223628,129.92285,2.2673001,0.012685267,-2.2500548,5000,0.5958908,1000,1000.0,1000,5,0.0,1472.3299517184496,1374.4901539489626,1184.7149526923895,5,105.61346822653009,2.2981007,0.0120451115,-2.3328598,20000,0.5798388,1000,1000.0,1000,20,0.0,1512.9406529814005,1270.3959049126133,841.0172993056476,20,230.62222931483834,1059.0,78.41836762428284,20000.0,51.0,4022.510550260544,1020000.0,255.0422892736529,1020000.0
0.10903495,2.8663254,7.0,0.007898363,-0.010309911,0.34864005,0.14285714285714285,80.0,3.7543664,138.6832,2.585959,-0.0061052656,-2.013182,5000,0.58088326,1000,1000.0,1000,5,0.0,1545.463335096836,1320.0267288702657,978.7633906900883,5,202.87256055728983,2.573686,0.005932045,-2.2429357,20000,0.5918636,1000,1000.0,1000,20,0.0,1538.6107896119356,1347.1032632861286,901.8630368225276,20,182.89210993751848,1079.0,77.89878463745117,20000.0,52.0,4100.494710922241,1040000.0,256.7434151005311,1040000.0
0.11520565,2.8298006,6.8,0.00724319,-0.008361125,0.3470671,0.14705882352941177,80.0,3.6573021,136.77646,2.2005155,0.014951607,-2.0622792,5000,0.6069935,1000,1000.0,1000,5,0.0,1622.5796044543386,1499.8860594235362,1355.1199574023485,5,116.10841308477303,2.2776797,0.0034716076,-2.1740003,20000,0.5869136,1000,1000.0,1000,20,0.0,1619.3780992925167,1349.51302325679,885.7393238693476,20,218.7108733461824,1099.0,78.25123119354248,20000.0,53.0,4178.82422041893,1060000.0,255.58703288045464,1060000.0
0.20541435,2.7600644,22.8,0.009506086,-0.031179724,0.34402707,0.03508771929824561,80.0,4.1099243,141.34279,2.1602046,0.026313867,-2.2264953,5000,0.58652365,1000,1000.0,1000,5,0.0,1637.4141966104507,1376.9967915957793,870.8406228125095,5,265.0385687852173,2.332886,-0.0010085677,-2.4176502,20000,0.59016556,1000,1000.0,1000,20,0.0,1653.3917376101017,1366.730318932957,875.7573942057788,20,230.4475540424069,1119.0,79.72391748428345,20000.0,54.0,4258.635444641113,1080000.0,250.86574557682448,1080000.0
0.16465929,2.6919165,12.6,0.009867867,-0.02195644,0.34116176,0.07936507936507936,80.0,5.3171816,151.1151,2.188774,0.01697686,-2.2234054,5000,0.5654985,1000,1000.0,1000,5,0.0,1577.4499652087688,1203.692050789483,847.1966088712215,5,318.83394113815905,2.327065,0.010270633,-2.2613115,20000,0.5942037,1000,1000.0,1000,20,0.0,1625.7874476462603,1479.4184039232437,924.5618551671505,20,202.37024808957364,1139.0,78.44057631492615,20000.0,55.0,4337.154638528824,1100000.0,254.97007976717632,1100000.0
0.21154255,2.6169603,23.0,0.008749831,-0.030023338,0.3378228,0.034782608695652174,80.0,3.7096834,153.38258,2.1668408,0.024736738,-2.033896,5000,0.6143987,1000,1000.0,1000,5,0.0,1672.351001650095,1616.7634653884918,1571.6995809823275,5,40.76087857728063,2.2162995,0.01374739,-2.2374656,20000,0.60376173,1000,1000.0,1000,20,0.0,1687.6312135085464,1487.0510917334584,885.6438836893067,20,217.5921436105917,1159.0,79.34769797325134,20000.0,56.0,4416.5882868766785,1120000.0,252.05520148476316,1120000.0
0.11797626,2.576794,7.8,0.008295375,-0.010995825,0.3360933,0.1282051282051282,80.0,2.8936307,135.12651,2.4091136,-0.018498892,-2.0452547,5000,0.59901506,1000,1000.0,1000,5,0.0,1751.5307679250836,1489.840054723993,812.7794165238738,5,347.93663935453384,2.404999,0.0035038232,-2.2161868,20000,0.57863384,1000,1000.0,1000,20,0.0,1693.1928137186915,1320.8336355284205,832.4292327035218,20,335.3119758729693,1179.0,77.88081288337708,20000.0,57.0,4494.547447919846,1140000.0,256.8026611374624,1140000.0
0.13728333,2.5304594,9.6,0.009150245,-0.011780415,0.3341548,0.10416666666666667,80.0,3.1689332,151.40755,2.2296095,-0.006088051,-2.1346235,5000,0.61236596,1000,1000.0,1000,5,0.0,1759.083262450993,1544.2634364155122,1207.1676908172667,5,208.16330046678794,2.1963167,0.012347022,-2.3236814,20000,0.6024811,1000,1000.0,1000,20,0.0,1719.4294764250517,1461.5717121099356,863.3002608530223,20,273.4428315690243,1199.0,76.67045497894287,20000.0,58.0,4571.299930810928,1160000.0,260.85667556678635,1160000.0
0.19511399,2.4663193,21.4,0.008089416,-0.029263822,0.33154964,0.037383177570093455,80.0,4.03661,167.46136,2.1319652,0.019517269,-2.1571455,5000,0.58916104,1000,1000.0,1000,5,0.0,1768.4133160412312,1472.3577521132306,885.6513391137123,5,321.3435837161021,2.3582041,0.010903518,-2.4459345,20000,0.61736345,1000,1000.0,1000,20,0.0,1769.0402360707521,1616.588072065267,1321.1661244779825,20,132.85660044532625,1219.0,78.74719572067261,20000.0,59.0,4650.127065420151,1180000.0,253.97729807348082,1180000.0
0.18413597,2.392282,21.5,0.010992062,-0.02507555,0.32857195,0.046511627906976744,80.0,4.060172,174.63202,2.0803895,0.009268649,-2.2741892,5000,0.6287034,1000,1000.0,1000,5,0.0,1865.6843652129173,1789.9306470747106,1750.267136003822,5,41.53999363735281,2.3905592,0.008342663,-2.4595885,20000,0.6223561,1000,1000.0,1000,20,0.0,1859.7039131261408,1706.6043157112204,1493.0252744816244,20,103.10745026233967,1239.0,78.62238931655884,20000.0,60.0,4728.840140104294,1200000.0,254.38046558816237,1200000.0
0.115323156,2.3549094,6.6,0.008155176,-0.009822134,0.32698965,0.15151515151515152,80.0,4.550422,175.64209,2.1388035,0.009454168,-2.1614928,5000,0.63008624,1000,1000.0,1000,5,0.0,1879.333905361127,1834.2085901484127,1767.7081733430969,5,42.15401366377882,2.2573414,-0.002145763,-2.240376,20000,0.6243508,1000,1000.0,1000,20,0.0,1886.8325732573867,1711.0987309109419,1347.5347802066244,20,125.6444520633568,1259.0,76.9204933643341,20000.0,61.0,4805.841057538986,1220000.0,260.0087327218502,1220000.0
0.102132164,2.333099,5.4,0.0076211123,-0.0073178676,0.3260652,0.18518518518518517,80.0,4.128996,177.04248,2.1423483,-0.0062085786,-2.2416282,5000,0.61903363,1000,1000.0,1000,5,0.0,1887.809303429909,1735.5276111780665,1394.3781454488635,5,188.57555126829578,2.3305242,-0.007202403,-2.2263575,20000,0.617599,1000,1000.0,1000,20,0.0,1889.0030105635524,1671.7693355859606,806.2913154885173,20,293.7741886617113,1279.0,77.63299059867859,20000.0,62.0,4883.550419330597,1240000.0,257.62243404211233,1240000.0
0.20293945,2.2511795,35.0,0.007408215,-0.03678335,0.3227319,0.017142857142857144,80.0,5.79592,175.22931,2.2463095,0.005974927,-2.0713243,5000,0.5996267,1000,1000.0,1000,5,0.0,1885.596606982872,1496.3073458190077,838.5475276559591,5,382.5519641335783,2.2363958,-0.013314876,-2.1379733,20000,0.619002,1000,1000.0,1000,20,0.0,1946.6328884027898,1721.545114741486,1004.1651204675436,20,278.0169095982012,1299.0,78.32263255119324,20000.0,63.0,4961.948917150497,1260000.0,255.35403175994628,1260000.0
0.07465396,2.1930845,4.6,0.006991075,-0.0060551106,0.32036647,0.21739130434782608,80.0,8.0019245,167.42339,2.2117858,0.008649571,-2.177554,5000,0.59724545,1000,1000.0,1000,5,0.0,1967.1750404126942,1644.292947814241,865.111761868,5,403.3558053890685,2.3667855,-0.00048188004,-2.3747709,20000,0.5931877,1000,1000.0,1000,20,0.0,1961.617703795433,1538.155197174207,820.6653087437153,20,384.1219285453345,1319.0,78.22418761253357,20000.0,64.0,5040.258535861969,1280000.0,255.67539415130307,1280000.0
0.10691615,2.1618814,5.6,0.0070777996,-0.0072596236,0.31912667,0.17857142857142858,80.0,9.648708,177.13866,2.213499,0.0046936586,-2.1560955,5000,0.5986029,1000,1000.0,1000,5,0.0,2031.5992122683674,1669.3206844414585,918.8860767073929,5,391.2374319957875,2.3205318,-0.0045594824,-2.2204394,20000,0.6096993,1000,1000.0,1000,20,0.0,1980.713492478244,1746.1903780601424,913.3556325864047,20,247.43418788043738,1339.0,77.86617231369019,20000.0,65.0,5118.196110486984,1300000.0,256.85094574096155,1300000.0
0.17597412,2.101752,20.0,0.0023492395,-0.024821876,0.316756,0.04,80.0,8.885013,182.05498,2.2873647,-0.0051489645,-2.26345,5000,0.5946537,1000,1000.0,1000,5,0.0,1887.44300994277,1580.5348499147221,918.980985738337,5,353.45128867186247,2.2536793,-0.014335745,-2.3929684,20000,0.6140429,1000,1000.0,1000,20,0.0,2019.2374719940126,1737.1095517387614,731.5263991747051,20,333.9523705682376,1359.0,77.33451223373413,20000.0,66.0,5195.620425462723,1320000.0,258.61674719758287,1320000.0
0.09763747,2.0500524,5.2,0.0073863,-0.0055963947,0.3146878,0.19230769230769232,80.0,8.64314,177.40314,2.302392,0.0032027932,-2.0435352,5000,0.60167235,1000,1000.0,1000,5,0.0,1946.3197801792994,1675.6388517962769,911.5477301198989,5,387.37127599155303,2.342497,-0.0067155785,-2.2490103,20000,0.6053749,1000,1000.0,1000,20,0.0,1981.130794050172,1702.0359539969054,854.3460683468729,20,360.6789582316925,1379.0,78.05497789382935,20000.0,67.0,5273.7506358623505,1340000.0,256.2296542727111,1340000.0
0.17586373,2.0052643,14.8,0.0108557,-0.018143374,0.31296328,0.06756756756756757,80.0,7.001205,191.00587,2.2890124,-0.004702088,-2.09377,5000,0.63615686,1000,1000.0,1000,5,0.0,2053.474771613255,1924.1013344287871,1806.1936080902815,5,95.73188470450076,2.2542446,-0.0047357366,-2.2069907,20000,0.623717,1000,1000.0,1000,20,0.0,2066.3264911472797,1843.7233941428362,836.1603568431456,20,273.16042906784884,1399.0,78.58951926231384,20000.0,68.0,5352.417433261871,1360000.0,254.48686017844915,1360000.0
0.101553455,1.9829165,6.75,0.0079422,-0.0076781325,0.31213856,0.14814814814814814,80.0,11.684782,183.04134,2.0369205,-0.009478506,-2.2299926,5000,0.63117677,1000,1000.0,1000,5,0.0,2078.0276207157876,1860.4961562249343,1709.988869175315,5,134.68527069770826,2.1955872,-0.0105380975,-2.302877,20000,0.6183453,1000,1000.0,1000,20,0.0,2113.5669116154313,1780.0246148094768,829.1243141321465,20,334.4728345762162,1419.0,75.37671208381653,20000.0,69.0,5427.8712246418,1380000.0,265.33393998083426,1380000.0
0.12024295,1.9647402,6.6,0.008124302,-0.007972816,0.31148037,0.15151515151515152,80.0,8.745606,198.33504,2.3540375,-0.017378623,-2.1869314,5000,0.6343545,1000,1000.0,1000,5,0.0,2067.7507881028578,1942.2377968802116,1768.2359450533986,5,115.2461826489374,2.120042,-0.0137224095,-2.8042836,20000,0.63479924,1000,1000.0,1000,20,0.0,2080.1349561214447,1898.9483457009308,1600.2230338267982,20,125.09817368371134,1439.0,77.54913139343262,20000.0,70.0,5505.501751899719,1400000.0,257.90101888483224,1400000.0
0.078694664,1.9267,4.8,0.007392691,-0.0049802065,0.31002164,0.20833333333333334,80.0,5.260941,190.24023,2.3478665,0.0049112244,-2.2470045,5000,0.61151123,1000,1000.0,1000,5,0.0,2085.3386866776273,1764.6250778082758,859.2925372160971,5,471.1476035900926,2.2289534,-0.014358226,-2.326006,20000,0.61971366,1000,1000.0,1000,20,0.0,2074.3832937702537,1775.0833501394372,836.1987907774746,20,384.9051427702323,1459.0,78.50728583335876,20000.0,71.0,5584.090940237045,1420000.0,254.75342559227465,1420000.0
0.10201172,1.8929138,5.0,0.0071990145,-0.0063891476,0.30866688,0.2,80.0,5.5800624,194.06447,2.1304293,-0.015408994,-2.1836743,5000,0.6440646,1000,1000.0,1000,5,0.0,2116.213207522873,2038.0777925062926,1975.5270957830362,5,52.329249748962475,2.1889167,-0.015324177,-2.367546,20000,0.6319791,1000,1000.0,1000,20,0.0,2161.9566989000887,1933.804899444466,854.6400102116168,20,272.7391872657904,1479.0,79.29479479789734,20000.0,72.0,5663.467207670212,1440000.0,252.22336536685685,1440000.0
0.1087261,1.8641325,7.6,0.008637221,-0.009657852,0.30752218,0.13157894736842105,80.0,7.8224583,205.48415,2.1512518,-0.005656729,-2.225169,5000,0.6323741,1000,1000.0,1000,5,0.0,2088.5779106887057,1902.5071535475552,1180.6027907608077,5,361.0013968298133,2.3076656,-0.020073455,-2.2976823,20000,0.6423339,1000,1000.0,1000,20,0.0,2153.601377013605,1958.8045864866551,1710.86054230202,20,124.7326999709763,1499.0,78.04997277259827,20000.0,73.0,5741.594625234604,1460000.0,256.24608554663826,1460000.0
0.117112905,1.834525,7.2,0.008131152,-0.009856456,0.30639493,0.1388888888888889,80.0,14.479572,197.2585,2.1132274,-0.022132035,-2.172033,5000,0.6409845,1000,1000.0,1000,5,0.0,2104.4803812988102,1998.0477611931042,1835.5242786966264,5,90.37255844916344,2.2688572,-0.024654731,-2.3480184,20000,0.627167,1000,1000.0,1000,20,0.0,2178.2440668083727,1877.479502313095,895.2628652323037,20,341.1599094886763,1519.0,76.74086904525757,20000.0,74.0,5818.419324636459,1480000.0,260.6173248859756,1480000.0
0.16704834,1.7791884,20.0,0.0067026527,-0.023439627,0.30425012,0.04,80.0,6.4758787,198.27693,2.0427809,-0.00740416,-2.199465,5000,0.61602414,1000,1000.0,1000,5,0.0,2082.5073030665517,1756.1441913299263,889.0527908410877,5,447.5366545463032,2.1563566,-0.027400417,-2.4225664,20000,0.62777066,1000,1000.0,1000,20,0.0,2172.7862195270136,1889.40896774118,903.0705315172672,20,347.49583359114285,1539.0,78.09707164764404,20000.0,75.0,5896.597147226334,1500000.0,256.09154835197126,1500000.0
0.09850544,1.7581041,4.6,0.0072015626,-0.0062785856,0.30341315,0.21739130434782608,80.0,10.991352,202.76717,2.2500496,-0.020600608,-2.0523376,5000,0.6452442,1000,1000.0,1000,5,0.0,2190.81118961866,2011.6502968283835,1842.1908208802342,5,137.1483192861817,2.2618413,-0.023758398,-2.2643206,20000,0.6356261,1000,1000.0,1000,20,0.0,2220.5852025300264,1955.020825474686,878.6298879683018,20,300.1690547390916,1559.0,77.76554441452026,20000.0,76.0,5974.439958810806,1520000.0,257.18330850218587,1520000.0
0.16995528,1.7113417,23.75,0.0040772813,-0.025158815,0.3015845,0.031578947368421054,80.0,6.944093,194.06625,1.9745662,-0.026245145,-2.3753352,5000,0.6495063,1000,1000.0,1000,5,0.0,2187.268406845629,2037.9857076577841,1962.7551836026832,5,79.72669305773967,2.1572375,-0.01736203,-2.40049,20000,0.62354493,1000,1000.0,1000,20,0.0,2189.7338660880923,1855.4560356594825,859.1630565598607,20,429.8754317013642,1579.0,76.27590799331665,20000.0,77.0,6050.800804138184,1540000.0,262.20599041249585,1540000.0
0.09202293,1.6793752,5.4,0.007023839,-0.0067563485,0.3003582,0.18518518518518517,80.0,8.335762,205.30927,2.0481064,-0.018452313,-2.1837354,5000,0.65436465,1000,1000.0,1000,5,0.0,2285.272741626948,2114.067702105269,1868.7476492151618,5,140.4864529337659,2.286322,-0.020537702,-2.4165401,20000,0.6407977,1000,1000.0,1000,20,0.0,2272.202481277287,1968.9572946944274,885.4855417832732,20,297.9175998711927,1599.0,77.58561754226685,20000.0,78.0,6128.469544410706,1560000.0,257.7797359040735,1560000.0
0.09259033,1.6544374,4.8,0.007172846,-0.0048060375,0.2994391,0.20833333333333334,80.0,24.707806,205.01651,2.098987,-0.0026988916,-2.108634,5000,0.62222254,1000,1000.0,1000,5,0.0,2106.297566372901,1725.092289384082,907.9264369681478,5,434.3133230697383,2.275188,-0.023214068,-2.300351,20000,0.6419584,1000,1000.0,1000,20,0.0,2258.014034004882,1957.5483898259233,885.3097730902955,20,315.3774218708417,1619.0,78.01065373420715,20000.0,79.0,6206.561405181885,1580000.0,256.37523905571544,1580000.0
0.11331177,1.6284325,6.4,0.007845808,-0.008525589,0.298495,0.15625,80.0,14.972596,212.30293,2.0643957,-0.024236854,-2.1705208,5000,0.65828985,1000,1000.0,1000,5,0.0,2329.853456005454,2241.7288700437175,2137.6043322980404,5,64.03439074006647,2.06213,-0.029831806,-2.289601,20000,0.64133435,1000,1000.0,1000,20,0.0,2280.9675846134196,1985.1421320282475,1007.20450142771,20,303.059763434344,1639.0,77.11734747886658,20000.0,80.0,6283.761788606644,1600000.0,259.34501968549745,1600000.0
0.18848577,1.5785313,21.2,0.0041639637,-0.025032563,0.29670176,0.03773584905660377,80.0,16.2911,210.44588,1.9989542,-0.020530535,-2.0374053,5000,0.6185338,1000,1000.0,1000,5,0.0,2365.055434230715,1866.8783733148127,886.4187636524439,5,536.7878787773336,2.152182,-0.024005577,-2.2230606,20000,0.6439387,1000,1000.0,1000,20,0.0,2299.3610426615924,2013.3558442970302,984.8396649323404,20,334.35543381314835,1659.0,77.95623230934143,20000.0,81.0,6361.797698497772,1620000.0,256.55421519907674,1620000.0
0.10875202,1.546394,5.8,0.007832306,-0.00618135,0.29560417,0.1724137931034483,80.0,20.540855,215.02785,2.012682,-0.035116546,-2.1848211,5000,0.62739676,1000,1000.0,1000,5,0.0,2239.0793002843857,1820.4704464030451,857.3698438275605,5,495.02814289789296,2.2789097,-0.0226905,-2.2402484,20000,0.65284216,1000,1000.0,1000,20,0.0,2377.4043187983334,2050.31380650864,1643.1966718025506,20,215.85114511622385,1679.0,76.83622789382935,20000.0,82.0,6438.713824510574,1640000.0,260.2938815220806,1640000.0
0.11325335,1.5169824,7.0,0.008669537,-0.009716119,0.29456177,0.14285714285714285,80.0,14.344312,214.28085,1.9858191,-0.026171677,-2.178375,5000,0.64815915,1000,1000.0,1000,5,0.0,2217.3768346235156,2051.4619845840616,1787.838152172044,5,148.39254093235726,2.3245213,-0.025423542,-2.3723187,20000,0.6500153,1000,1000.0,1000,20,0.0,2332.7759075745707,2056.1739025631746,915.6988409608603,20,393.0988652689118,1699.0,77.77826523780823,20000.0,83.0,6516.570450305939,1660000.0,257.1412455504079,1660000.0
0.1276292,1.4845041,7.8,0.009095743,-0.0104313325,0.29332474,0.1282051282051282,80.0,16.074125,204.21617,2.0241394,-0.019131424,-2.2559443,5000,0.6364109,1000,1000.0,1000,5,0.0,2237.8825470507145,1942.3115011395887,1248.9361855518073,5,352.92412385049727,2.268926,-0.018441973,-2.1536667,20000,0.63143235,1000,1000.0,1000,20,0.0,2339.5637871585786,1948.6868388909509,866.3768359255046,20,470.049614307502,1719.0,77.54921412467957,20000.0,84.0,6594.193882465363,1680000.0,257.90074375022095,1680000.0
0.09140249,1.4615655,5.2,0.007199793,-0.0056058625,0.2923962,0.19230769230769232,80.0,24.972727,198.98973,2.196993,0.0028240345,-2.246877,5000,0.6305465,1000,1000.0,1000,5,0.0,2379.150360941887,1996.2427674431353,869.4507385268807,5,573.0336705125118,2.2005754,-0.008074626,-2.2449331,20000,0.62737924,1000,1000.0,1000,20,0.0,2356.34411964193,1893.6029582965189,862.688532140106,20,470.8071065824444,1739.0,76.59707283973694,20000.0,85.0,6670.8687748909,1700000.0,261.1065835615643,1700000.0
0.0873124,1.4517838,4.75,0.007629846,-0.0058932207,0.29201245,0.21052631578947367,80.0,12.675745,223.5784,2.0377996,-0.022529392,-2.155761,5000,0.6658634,1000,1000.0,1000,5,0.0,2261.9795731296763,2139.612654370628,2021.0460487324744,5,80.24903384126765,2.2322714,-0.022549812,-2.1133504,20000,0.6573976,1000,1000.0,1000,20,0.0,2341.9562627237756,2109.116477369488,1724.3074159286916,20,142.91649689034224,1759.0,76.80186438560486,20000.0,86.0,6747.744219303131,1720000.0,260.4103449830919,1720000.0
0.0865332,1.4325863,5.0,0.0075811762,-0.005270798,0.2913087,0.2,80.0,22.844933,226.78363,1.9879186,-0.030790512,-2.2508981,5000,0.6628312,1000,1000.0,1000,5,0.0,2354.2463078517467,2187.2789009523576,2042.0833565406501,5,131.12933139130348,2.1044307,-0.021851473,-2.0792022,20000,0.6631865,1000,1000.0,1000,20,0.0,2377.162825600244,2165.5664408975545,1749.9048519283533,20,134.20252170430007,1779.0,78.1249463558197,20000.0,87.0,6825.9612865448,1740000.0,256.0001757813707,1740000.0
0.11981201,1.4089499,6.4,0.0075129266,-0.00719743,0.29042533,0.15625,80.0,23.04141,222.35716,2.0108469,-0.027375463,-2.1274264,5000,0.65986276,1000,1000.0,1000,5,0.0,2287.773549746722,2061.364076618373,1838.4216243708506,5,174.21274132305527,2.4247298,-0.024434827,-2.4055293,20000,0.65513265,1000,1000.0,1000,20,0.0,2358.1745540574193,2097.064189087945,856.487228628248,20,336.0669122478652,1799.0,77.48802328109741,20000.0,88.0,6903.530042409897,1760000.0,258.10440314689043,1760000.0
0.08881487,1.4004749,5.6,0.006855197,-0.0053244676,0.2900091,0.17857142857142858,80.0,31.552141,223.7579,1.987014,-0.035746716,-2.1099715,5000,0.66515124,1000,1000.0,1000,5,0.0,2270.8043511509895,2139.758705246076,1935.0984002081677,5,114.35503369885606,2.2460716,-0.027777484,-2.2135684,20000,0.6651784,1000,1000.0,1000,20,0.0,2400.9666769504547,2171.7282003862783,1704.4145331680775,20,171.8503546157066,1819.0,77.04725980758667,20000.0,89.0,6980.666394472122,1780000.0,259.58093837401657,1780000.0
0.10929625,1.3983867,6.2,0.008277772,-0.0066185785,0.28991532,0.16129032258064516,80.0,23.664845,217.52342,2.009175,-0.03919696,-2.0204606,5000,0.6233089,1000,1000.0,1000,5,0.0,2150.420857653022,1842.0839931664989,904.3992889849469,5,474.1888252105124,2.2051451,-0.024457647,-2.3366456,20000,0.6509693,1000,1000.0,1000,20,0.0,2349.6668385714293,2048.377552803734,900.4482093006372,20,387.7981921216466,1839.0,78.80129528045654,20000.0,90.0,7059.545650243759,1800000.0,253.802934695671,1800000.0
0.08311632,1.390499,5.4,0.007326875,-0.0058986684,0.28962362,0.18518518518518517,80.0,16.911587,207.52182,2.0364165,0.020865774,-2.0057745,5000,0.5888378,1000,1000.0,1000,5,0.0,2246.465177773498,1531.991408967413,879.6145385503769,5,593.9580724960002,2.2400236,-0.01930502,-2.2463431,20000,0.6354913,1000,1000.0,1000,20,0.0,2317.4204208552837,1918.526695008867,865.7012428827584,20,458.0606423777321,1859.0,77.47279167175293,20000.0,91.0,7137.107870340347,1820000.0,258.1551480000704,1820000.0
0.084747314,1.3784033,4.8,0.0064453757,-0.0054966384,0.28914416,0.20833333333333334,80.0,12.860021,213.31294,2.0760484,-0.036273647,-2.0698981,5000,0.6683784,1000,1000.0,1000,5,0.0,2382.5743057988584,2256.2640325457323,2088.5519822502974,5,119.86422480795439,2.1573074,-0.026758214,-2.3045483,20000,0.65077734,1000,1000.0,1000,20,0.0,2390.261246697977,2088.604692372767,894.8899154923856,20,413.3001851191633,1879.0,78.68379974365234,20000.0,92.0,7215.871735334396,1840000.0,254.181929001382,1840000.0
0.18931697,1.3354467,20.8,0.008604982,-0.029922344,0.2875466,0.038461538461538464,80.0,9.535097,222.26718,2.2218828,-0.036265396,-2.205173,5000,0.67175215,1000,1000.0,1000,5,0.0,2363.3664889782667,2234.3954374299865,2071.716872645542,5,122.19444051443061,2.189383,-0.03707345,-2.373379,20000,0.6613858,1000,1000.0,1000,20,0.0,2413.1891320049763,2102.7611249572597,864.7478850688785,20,331.84223814380994,1899.0,79.67719674110413,20000.0,93.0,7295.6322429180145,1860000.0,251.0128470632092,1860000.0
0.14918213,1.2977571,10.0,0.010468001,-0.014934538,0.28611732,0.1,80.0,22.2812,233.05838,1.9672532,-0.046411768,-2.1515887,5000,0.6548896,1000,1000.0,1000,5,0.0,2241.3022633343935,1998.3349780378862,1643.196647260338,5,255.74724802133855,2.1998205,-0.03746827,-2.2279449,20000,0.66982335,1000,1000.0,1000,20,0.0,2436.1391443796456,2248.5857180505873,1911.2579391570762,20,152.1551394174369,1919.0,76.94224452972412,20000.0,94.0,7372.652553796768,1880000.0,259.9352296289414,1880000.0
0.12076344,1.2688406,6.8,0.009019161,-0.009670757,0.28506228,0.14705882352941177,80.0,23.002924,231.0005,2.0414577,-0.04342963,-2.2188935,5000,0.67132235,1000,1000.0,1000,5,0.0,2388.2123806364834,2286.770571628539,2136.176950778812,5,90.835114615237,2.1186256,-0.034448773,-2.1912127,20000,0.66846293,1000,1000.0,1000,20,0.0,2440.2804083526134,2159.614555777691,1241.8410827359185,20,262.7877572403902,1939.0,80.12120866775513,20000.0,95.0,7452.854808330536,1900000.0,249.62179593340338,1900000.0
0.10970365,1.2451566,5.2,0.0077277278,-0.0058826753,0.2842085,0.19230769230769232,80.0,19.234682,220.13394,1.9437546,-0.024097105,-2.1039627,5000,0.62671787,1000,1000.0,1000,5,0.0,2303.0969411963597,1948.1183705586475,812.5668858541176,5,570.5417030897524,2.0253186,-0.034266587,-2.2127147,20000,0.64274174,1000,1000.0,1000,20,0.0,2442.1726867798716,2034.453000290779,795.6094855889678,20,532.8674312537629,1959.0,78.7132294178009,20000.0,96.0,7531.651456832886,1920000.0,254.0868942607127,1920000.0
0.10485419,1.2137507,5.8,0.00737171,-0.006842551,0.28307343,0.1724137931034483,80.0,7.158373,206.41498,2.1246216,-0.010578743,-2.0284808,5000,0.626803,1000,1000.0,1000,5,0.0,2303.312549785711,1876.3141234988348,852.7331307325512,5,550.9255969246756,2.1993163,-0.029200265,-2.222887,20000,0.63917124,1000,1000.0,1000,20,0.0,2370.498455248773,2028.1593875011663,815.0485912710428,20,511.28574575437545,1979.0,76.35180711746216,20000.0,97.0,7608.082186937332,1940000.0,261.9453390177306,1940000.0
0.13900839,1.1855577,7.4,0.007953172,-0.009028357,0.2820781,0.13513513513513514,80.0,28.849314,227.58704,1.8851454,-0.022821598,-2.0893993,5000,0.6315401,1000,1000.0,1000,5,0.0,2261.15720320493,1871.9443707257974,822.841603677487,5,529.0133296078216,1.9995997,-0.035488203,-2.3739026,20000,0.6578571,1000,1000.0,1000,20,0.0,2422.8486831430346,2151.6159661825513,802.9273800849915,20,332.29432627676795,1999.0,76.86754322052002,20000.0,98.0,7685.022681236267,1960000.0,260.18783952315704,1960000.0
0.08531698,1.1751661,4.8,0.0072516366,-0.0049871383,0.281687,0.20833333333333334,80.0,35.7007,230.61058,2.0630198,-0.045691706,-1.9377791,5000,0.6721055,1000,1000.0,1000,5,0.0,2271.4451404213905,2209.9158796106467,2144.124929882586,5,48.3957120131487,2.1067073,-0.041828975,-2.1774068,20000,0.6678257,1000,1000.0,1000,20,0.0,2414.498291231692,2183.1590030338384,1626.6089414339513,20,178.72232134008144,2019.0,77.16621518135071,20000.0,99.0,7762.278363227844,1980000.0,259.18078206890647,1980000.0
0.13152204,1.1391122,8.4,0.009086572,-0.011381898,0.28038648,0.11904761904761904,80.0,7.6934643,234.44093,2.1732516,-0.038036577,-2.0670817,5000,0.6650595,1000,1000.0,1000,5,0.0,2357.753814553842,2207.2718803177586,2089.184054998681,5,94.33093282315482,2.0739198,-0.038986314,-2.0541606,20000,0.66808283,1000,1000.0,1000,20,0.0,2422.801776336506,2253.7316433477563,2044.760295322165,20,92.16937754631012,2039.0,78.50106835365295,20000.0,100.0,7840.855091094971,2000000.0,254.77360269669913,2000000.0
0.08525391,1.1035265,5.0,0.0070393737,-0.0055204723,0.2790731,0.2,80.0,15.179426,227.79407,1.9943093,-0.013119365,-1.9808497,5000,0.62851125,1000,1000.0,1000,5,0.0,2326.139061767608,1938.0986441697344,835.3126936312765,5,558.8578136960406,2.188064,-0.032413468,-2.1222768,20000,0.6566982,1000,1000.0,1000,20,0.0,2474.5796588361263,2170.221752878747,837.1612324379385,20,343.5988948682664,2059.0,78.42332577705383,20000.0,101.0,7919.366520404816,2020000.0,255.02616475176157,2020000.0
0.076660156,1.088506,5.2,0.007324808,-0.005879059,0.27853248,0.19230769230769232,80.0,12.706882,234.11899,2.1912084,-0.04584784,-2.145469,5000,0.62806094,1000,1000.0,1000,5,0.0,2171.659625508939,1854.0662623357262,862.1022977121174,5,498.66192817857365,2.1484957,-0.03949406,-2.1971548,20000,0.66185105,1000,1000.0,1000,20,0.0,2427.8239110652357,2247.5647299105826,1943.923471942544,20,115.30341390545128,2079.0,77.27637004852295,20000.0,102.0,7996.7314558029175,2040000.0,258.81132857873257,2040000.0
0.10904635,1.073332,6.5,0.00815611,-0.00644758,0.277987,0.15384615384615385,80.0,20.223642,238.45325,2.0302923,-0.048816193,-2.2427974,5000,0.6621824,1000,1000.0,1000,5,0.0,2427.228742647916,2239.366906797327,2060.2152791917324,5,126.16458125209635,2.0957806,-0.041819543,-2.0416195,20000,0.66289264,1000,1000.0,1000,20,0.0,2415.9179826488835,2247.0922619684716,1669.8727884248365,20,160.44967825368624,2099.0,77.80277037620544,20000.0,103.0,8074.609596014023,2060000.0,257.0602550949347,2060000.0
0.16108842,1.0534141,11.0,0.010518113,-0.018526686,0.27731368,0.09090909090909091,80.0,16.758461,215.55753,1.9854463,-0.013878724,-2.1403563,5000,0.58734053,1000,1000.0,1000,5,0.0,2378.11242409423,1608.9469735369087,814.959416270256,5,658.7027929871041,2.1605513,-0.044995382,-2.124792,20000,0.63461936,1000,1000.0,1000,20,0.0,2398.7458541095257,2051.5001044511228,798.0607745591551,20,517.3947082849502,2119.0,77.71956825256348,20000.0,104.0,8152.402982473373,2080000.0,257.3354490983077,2080000.0
0.114463806,1.03034,6.4,0.0078067305,-0.0087805595,0.27654713,0.15625,80.0,10.940119,231.81306,2.0348654,-0.04040105,-2.075634,5000,0.6568231,1000,1000.0,1000,5,0.0,2429.1885840334,2210.1451316805556,1726.8968515964225,5,257.3235669353751,2.0442717,-0.04517311,-2.157835,20000,0.65478283,1000,1000.0,1000,20,0.0,2485.6090390495956,2185.048616503051,881.8126919846982,20,332.95131702753986,2139.0,77.28818249702454,20000.0,105.0,8229.765071630478,2100000.0,258.77177278389183,2100000.0
0.18499023,0.98918706,20.0,0.009262823,-0.02845823,0.2751669,0.04,80.0,13.552141,223.82848,1.9363761,-0.03716516,-2.0635118,5000,0.6260083,1000,1000.0,1000,5,0.0,2424.3415171233937,2026.623760203831,897.8002733848989,5,570.7644306344228,2.328986,-0.032852866,-2.1380405,20000,0.6474484,1000,1000.0,1000,20,0.0,2449.239249974489,2143.4508645397145,850.5268812328577,20,441.4553659580828,2159.0,78.09037232398987,20000.0,106.0,8307.943223714828,2120000.0,256.1135182839418,2120000.0
0.10422852,0.96103513,5.0,0.007441094,-0.0059602056,0.27419153,0.2,80.0,8.776557,230.18674,1.9639276,-0.036133464,-2.0565286,5000,0.6628575,1000,1000.0,1000,5,0.0,2341.7972186394036,2179.5343153165654,2061.9762329766527,5,93.42080549658844,2.0265431,-0.027931314,-2.1924887,20000,0.6482798,1000,1000.0,1000,20,0.0,2509.51185028255,2179.1716732128434,882.3986429348588,20,334.64932671881854,2179.0,77.39273238182068,20000.0,107.0,8385.421340703964,2140000.0,258.4221978535279,2140000.0
0.10238534,0.9565024,5.4,0.0074497936,-0.005744358,0.27405497,0.18518518518518517,80.0,14.4592705,210.18524,2.094837,-0.03232944,-1.9625261,5000,0.6657634,1000,1000.0,1000,5,0.0,2374.3628107644618,2228.666212853836,2057.4455235973,5,103.72497329526796,2.0293608,-0.027156843,-2.3002856,20000,0.6379587,1000,1000.0,1000,20,0.0,2439.6255922205746,1988.9689812250028,847.4482144424692,20,586.7990437534667,2199.0,76.04638433456421,20000.0,108.0,8461.551553726196,2160000.0,262.99738212418475,2160000.0
0.0733908,0.95035785,4.6,0.006756153,-0.005072856,0.27384523,0.21739130434782608,80.0,22.64377,216.09569,1.8764079,-0.030634878,-1.9984808,5000,0.62786746,1000,1000.0,1000,5,0.0,2311.2072259038687,1923.4117188099772,884.1982022002339,5,536.4385823132293,2.1256635,-0.025940359,-2.2706256,20000,0.640456,1000,1000.0,1000,20,0.0,2467.4836309729144,2044.860551804505,801.966343909502,20,515.9731870326256,2219.0,77.5444986820221,20000.0,109.0,8539.178346633911,2180000.0,257.9164265670441,2180000.0
0.10584368,0.9331704,5.6,0.007418928,-0.0058531943,0.27324718,0.17857142857142858,80.0,19.307268,224.08905,1.8715577,-0.016443856,-2.0581954,5000,0.6330419,1000,1000.0,1000,5,0.0,2409.9972251951694,2008.9721356078983,787.9848527107388,5,614.89974896816,2.013111,-0.026717938,-2.1526618,20000,0.64376116,1000,1000.0,1000,20,0.0,2506.4333551190794,2128.347782183648,807.5281934542581,20,458.8219724262286,2239.0,77.25820875167847,20000.0,110.0,8616.517218589783,2200000.0,258.8721680602709,2200000.0
0.08452149,0.9140004,5.0,0.006884812,-0.005696741,0.27258363,0.2,80.0,8.779187,234.34985,1.9517658,-0.020919593,-2.1667464,5000,0.62333417,1000,1000.0,1000,5,0.0,2477.829923018813,2022.4076778391377,845.4671264421195,5,596.1363354966503,1.9857681,-0.024967026,-2.1638558,20000,0.6400592,1000,1000.0,1000,20,0.0,2474.8462289720774,2209.181338451541,883.9215425122529,20,454.0925759819678,2259.0,75.53116941452026,20000.0,111.0,8692.131808757782,2220000.0,264.7913458116691,2220000.0
0.1923274,0.87640136,32.6,0.008379602,-0.029651571,0.27126598,0.024539877300613498,80.0,8.957017,206.88805,2.0140815,-0.03436005,-2.3051078,5000,0.65782166,1000,1000.0,1000,5,0.0,2381.8840798549354,2251.3724484354257,1987.7595731765032,5,160.23321673080284,2.1727622,-0.026685352,-2.2228675,20000,0.63126016,1000,1000.0,1000,20,0.0,2475.171047937183,1961.5317506538966,810.8446101285517,20,649.2113686446361,2279.0,78.69611167907715,20000.0,112.0,8770.919885396957,2240000.0,254.1421624687129,2240000.0
0.08992188,0.8415355,5.0,0.007078879,-0.005113958,0.27003175,0.2,80.0,9.046942,231.68071,1.9617856,-0.030358618,-1.978066,5000,0.6680816,1000,1000.0,1000,5,0.0,2519.2656773682684,2377.6600390249864,2230.140705938451,5,95.69715123030336,1.9964898,-0.03140964,-2.287354,20000,0.6583903,1000,1000.0,1000,20,0.0,2501.700719375629,2278.1501494244467,882.8261544145644,20,331.2767685466212,2299.0,78.7441656589508,20000.0,113.0,8849.750285863876,2260000.0,253.98707107548876,2260000.0
0.083740234,0.8229683,4.6,0.0071920524,-0.005091904,0.26940903,0.21739130434782608,80.0,15.639515,218.88028,1.83167,-0.04934437,-2.0008016,5000,0.5958033,1000,1000.0,1000,5,0.0,2149.1236553005874,1425.5899937056006,865.2286690417677,5,495.31731923633225,1.9995575,-0.03044642,-2.2030554,20000,0.6328625,1000,1000.0,1000,20,0.0,2501.855109527707,2052.4946183885563,804.8245924375951,20,539.0719998613308,2319.0,76.68618869781494,20000.0,114.0,8926.510939836502,2280000.0,260.8031555566129,2280000.0
0.20515718,0.7594994,21.0,0.011848958,-0.027479999,0.2673474,0.0380952380952381,80.0,8.110132,224.93925,1.9366944,-0.036414336,-2.0918927,5000,0.67176574,1000,1000.0,1000,5,0.0,2389.697817608714,2314.960636174772,2227.1452147699893,5,59.15560847236332,1.9845864,-0.026069373,-2.3087811,20000,0.65167356,1000,1000.0,1000,20,0.0,2522.8855865076184,2142.1243291605847,824.1800718586892,20,479.90699335748394,2339.0,77.85393905639648,20000.0,115.0,9004.441450834274,2300000.0,256.89130495391163,2300000.0
0.09671586,0.71817064,5.4,0.0074165785,-0.0066326885,0.2659882,0.18518518518518517,80.0,13.961054,242.76631,2.017075,-0.02837989,-1.8763986,5000,0.6620246,1000,1000.0,1000,5,0.0,2324.49184538424,2086.129655490816,1701.436767399311,5,230.91430750013953,2.093763,-0.03868239,-2.057092,20000,0.6641434,1000,1000.0,1000,20,0.0,2561.4502204433084,2315.079811503417,1620.7133208550513,20,234.1544162814012,2359.0,79.12115335464478,20000.0,116.0,9083.646696090698,2320000.0,252.7769016504852,2320000.0
0.08269531,0.6971155,5.0,0.0077664824,-0.0062275254,0.26531518,0.2,80.0,17.375559,237.13638,1.9832013,-0.04452147,-1.9314926,5000,0.6650547,1000,1000.0,1000,5,0.0,2456.420711092651,2283.115384237282,1980.0548193147406,5,169.05489992746524,2.0186293,-0.040122934,-2.1786966,20000,0.66085106,1000,1000.0,1000,20,0.0,2499.591590318829,2236.228489603149,852.2143693808466,20,349.39208747873994,2379.0,76.81470441818237,20000.0,117.0,9160.531694889069,2340000.0,260.36681585232935,2340000.0
0.11026705,0.6767772,5.2,0.0075942273,-0.006169224,0.26461163,0.19230769230769232,80.0,18.449234,246.73418,2.0254345,-0.037069142,-1.8783827,5000,0.66413194,1000,1000.0,1000,5,0.0,2495.430311128497,2140.0627884976566,1198.830431688577,5,482.7316925569088,2.0942287,-0.0395203,-2.0374389,20000,0.6698355,1000,1000.0,1000,20,0.0,2536.263646811247,2337.117943504488,2058.3126991880126,20,122.28569936942466,2399.0,77.06851983070374,20000.0,118.0,9237.682054281235,2360000.0,259.5093307090101,2360000.0
0.19686523,0.6324984,20.0,0.010552929,-0.026624661,0.26312104,0.04,80.0,36.452904,244.84344,2.2037687,-0.046399247,-2.0932822,5000,0.67330855,1000,1000.0,1000,5,0.0,2412.5487003901508,2107.4921387593904,1063.6523035727441,5,522.7566296905288,2.0891814,-0.03570993,-2.0102496,20000,0.6734909,1000,1000.0,1000,20,0.0,2496.8042434453964,2322.604734441452,1953.7014844566584,20,135.11290900386322,2419.0,78.54227566719055,20000.0,119.0,9316.307698726654,2380000.0,254.6399353737416,2380000.0
0.111816406,0.5988759,5.5,0.0076064896,-0.006131786,0.2620055,0.18181818181818182,80.0,28.02235,240.50082,1.9831436,-0.040755775,-2.3795512,5000,0.6780398,1000,1000.0,1000,5,0.0,2552.5394763052464,2348.5713954776993,2206.2731472998857,5,134.42908958314263,2.1228032,-0.03813325,-1.9812036,20000,0.6738148,1000,1000.0,1000,20,0.0,2556.308125860989,2306.9310710621767,1741.5362490564585,20,199.7560515743528,2439.0,75.52670049667358,20000.0,120.0,9391.913239717484,2400000.0,264.80701352604245,2400000.0
0.103606045,0.57632786,5.4,0.008023678,-0.0057338853,0.26127538,0.18518518518518517,80.0,16.086512,236.45702,2.0818386,-0.060458716,-2.0186884,5000,0.66735375,1000,1000.0,1000,5,0.0,2418.0313988262787,2249.299710161425,2056.596964288503,5,151.22334171137686,2.032477,-0.045595992,-1.988986,20000,0.6670294,1000,1000.0,1000,20,0.0,2568.3577143847942,2258.923670131201,869.9803059818223,20,356.1941709943029,2459.0,78.46805882453918,20000.0,121.0,9470.457018852234,2420000.0,254.88077951210173,2420000.0
0.07856889,0.5608952,4.4,0.007094826,-0.005274844,0.2607803,0.22727272727272727,80.0,11.397278,251.7473,1.8746197,-0.038411833,-2.1191812,5000,0.6679488,1000,1000.0,1000,5,0.0,2470.984857439995,2281.055925514456,1872.4553612540476,5,214.61804429589472,1.9858433,-0.04330721,-2.0573158,20000,0.6722543,1000,1000.0,1000,20,0.0,2553.9448226056993,2414.4989217111415,2009.2823952306062,20,111.40008304536491,2479.0,77.70382809638977,20000.0,122.0,9548.25193309784,2440000.0,257.3875765192735,2440000.0
0.10535607,0.5545685,5.2,0.007809941,-0.006217957,0.2605823,0.19230769230769232,80.0,12.187286,235.5026,1.9662879,-0.05190558,-1.9412307,5000,0.66191596,1000,1000.0,1000,5,0.0,2372.8071895204484,2225.0107093321626,2124.4136642906815,5,86.62071061861806,2.1453834,-0.038219597,-2.1115186,20000,0.6455134,1000,1000.0,1000,20,0.0,2565.6551287807524,2153.7278744284645,759.1016512662172,20,567.9079877201208,2499.0,76.59120869636536,20000.0,123.0,9624.923131227493,2460000.0,261.1265749739905,2460000.0
0.09443721,0.54346603,5.4,0.0072967466,-0.005891032,0.26022908,0.18518518518518517,80.0,13.655068,225.65054,1.9224919,-0.02659685,-1.9516546,5000,0.62479454,1000,1000.0,1000,5,0.0,2491.3272274956107,2019.141433156561,815.9681589864194,5,609.369471767174,2.139926,-0.04233868,-2.0735724,20000,0.65167254,1000,1000.0,1000,20,0.0,2517.9285685466602,2195.289495394085,838.1289557144046,20,459.4479822780193,2519.0,77.88613891601562,20000.0,124.0,9702.884434461594,2480000.0,256.7851003830853,2480000.0
0.09417969,0.52036786,5.0,0.0071627973,-0.005779815,0.2594844,0.2,80.0,14.2865505,233.64955,2.0372121,-0.050095577,-2.0676696,5000,0.6630225,1000,1000.0,1000,5,0.0,2416.3346336223185,2341.9016671903432,2194.326833775267,5,77.58866719337838,1.98036,-0.0409957,-2.3059058,20000,0.64779985,1000,1000.0,1000,20,0.0,2532.517720855307,2222.321724070994,809.4583392534405,20,480.3013327802815,2539.0,77.92461371421814,20000.0,125.0,9780.894859313965,2500000.0,256.6583143209191,2500000.0
0.16537444,0.46828878,19.8,0.003894472,-0.020251505,0.25778863,0.04040404040404041,80.0,14.697223,239.28351,1.9089863,-0.0472185,-2.1000564,5000,0.6695918,1000,1000.0,1000,5,0.0,2528.2897633723915,2393.7986486863347,2303.4674072787166,5,92.53743259025961,2.079823,-0.049356155,-2.055458,20000,0.6545064,1000,1000.0,1000,20,0.0,2526.7948494553566,2258.7662896222437,816.779786054045,20,358.135415730213,2559.0,77.08847308158875,20000.0,126.0,9858.078883886337,2520000.0,259.4421604230303,2520000.0
0.08901367,0.44522336,5.0,0.008245625,-0.0062776343,0.25697455,0.2,80.0,11.6601,243.18262,1.8236077,-0.057999022,-2.031297,5000,0.6401222,1000,1000.0,1000,5,0.0,2399.300827637315,1888.8727308521047,826.047879755497,5,560.8240050022155,2.1005034,-0.05074185,-2.0554483,20000,0.6593849,1000,1000.0,1000,20,0.0,2531.7702911631204,2315.6344006569357,796.1565785184503,20,371.2250213188353,2579.0,77.5245680809021,20000.0,127.0,9935.695812940598,2540000.0,257.98273366874685,2540000.0
0.13121541,0.43463433,9.6,0.00871446,-0.013917194,0.2566674,0.10416666666666667,80.0,17.6846,235.1006,1.8804641,-0.037066024,-1.9507117,5000,0.65576744,1000,1000.0,1000,5,0.0,2412.587233895436,2091.406317378208,1742.027388740331,5,264.0040742670172,2.0411744,-0.044998348,-2.0418441,20000,0.655326,1000,1000.0,1000,20,0.0,2558.0889074131846,2281.0829167054444,906.6621635332704,20,373.3843873464792,2599.0,78.51091837882996,20000.0,128.0,10014.284728050232,2560000.0,254.74163865331744,2560000.0
