actor/backtrack_steps,actor/kl,actor/loss,critic/iterations,critic/loss,critic/v,test/action/max,test/action/mean,test/action/min,test/action/size,test/action/std,test/episode_length/max,test/episode_length/mean,test/episode_length/min,test/episode_length/size,test/episode_length/std,test/episode_score/max,test/episode_score/mean,test/episode_score/min,test/episode_score/size,test/episode_score/std,train/action/max,train/action/mean,train/action/min,train/action/size,train/action/std,train/episode_length/max,train/episode_length/mean,train/episode_length/min,train/episode_length/size,train/episode_length/std,train/episode_score/max,train/episode_score/mean,train/episode_score/min,train/episode_score/size,train/episode_score/std,train/episodes,train/epoch_seconds,train/epoch_steps,train/epochs,train/seconds,train/steps,train/steps_per_second,train/worker_steps
1.0,0.0062175314,-0.03584962,80.0,223692.83,6.6534243,3.0637033,0.07840094,-2.9314222,5000,0.7205982,1000,1000.0,1000,5,0.0,579.1462592080934,-11631.895825905562,-60091.29591331445,5,24229.751862917008,3.1241102,0.084536105,-2.794065,20000,0.7202256,1000,567.8823529411765,21,34,362.96983870044676,601.2171494737267,-1499.1173038462464,-60433.190883256495,34,10260.57899843987,34.0,71.35872077941895,20000.0,1.0,71.35872077941895,20000.0,280.2740825725163,20000.0
1.0,0.006021691,-0.039758995,80.0,35.10452,22.258556,3.0585482,0.08118998,-2.724217,3743,0.721366,1000,748.6,349,5,308.22952486742736,566.8355917516164,405.9198076858185,177.54664094559848,5,162.4172447892628,3.1348407,0.10394782,-3.3870387,20000,0.72409046,1000,761.2962962962963,175,27,298.0750358941849,591.4239688869566,399.31761080128865,98.24614512827247,27,151.61539722073786,61.0,67.11644721031189,20000.0,2.0,138.5285940170288,40000.0,297.9895514631347,40000.0
1.0,0.0066370144,-0.033585742,80.0,12.963152,35.755657,3.1218698,0.10572201,-2.5242124,4300,0.7260498,1000,860.0,300,5,280.0,588.0435213446617,464.7988969876431,167.41681454703212,5,151.964463800592,3.197331,0.10491498,-3.0274086,20000,0.7247429,1000,796.76,213,25,293.84326162088524,587.1425615549088,421.4050341877388,117.37161426013336,25,150.78400350432665,86.0,67.69847893714905,20000.0,3.0,206.30564498901367,60000.0,295.42761246626986,60000.0
1.0,0.0066088187,-0.03607916,80.0,6.3922257,45.698742,3.0647385,0.118827514,-2.7324371,5000,0.7206684,1000,1000.0,1000,5,0.0,589.1920652510598,544.6828216597438,476.3432083046064,5,43.43223303731969,3.147678,0.08224397,-3.245659,20000,0.72238123,1000,916.5909090909091,197,22,216.95363121914679,632.0901064127684,492.233419509848,108.33589322678745,22,125.38403876549363,108.0,68.28016185760498,20000.0,4.0,274.63264775276184,80000.0,292.91084637012204,80000.0
1.0,0.0066535696,-0.034622096,80.0,5.3163953,47.319214,2.9711661,0.13371381,-2.8945513,5000,0.7264739,1000,1000.0,1000,5,0.0,614.6925061680377,538.3696133523947,465.69837653427385,5,49.44265645422545,3.298835,0.101228476,-3.0522504,20000,0.72549576,1000,958.9,178,20,179.15074657952167,602.5893616173416,494.1657344885258,94.58913763519377,20,106.07556202693624,128.0,68.76720452308655,20000.0,5.0,343.44850873947144,100000.0,290.83630981808477,100000.0
1.0,0.0068061845,-0.037706796,80.0,3.309061,52.55037,3.5323238,0.12700021,-3.111116,5000,0.72807,1000,1000.0,1000,5,0.0,645.5272765308619,574.971559181856,503.89292988576926,5,57.018361601978505,3.71275,0.107434206,-3.160208,20000,0.7282808,1000,1000.0,1000,20,0.0,619.5255843624473,540.2839981757912,448.8289975175867,20,51.4732834860178,148.0,68.458256483078,20000.0,6.0,412.0061709880829,120000.0,292.1488367870389,120000.0
1.0,0.0064739487,-0.03969074,80.0,3.4849029,55.233555,3.1598458,0.14574173,-3.5988421,5000,0.7254142,1000,1000.0,1000,5,0.0,571.013427676633,535.5814668146893,485.5853980705142,5,36.25750442341832,3.185426,0.12952562,-3.039141,20000,0.72601575,1000,1000.0,1000,20,0.0,652.4192671297642,571.3334165991167,485.1495691612363,20,52.23005673853196,168.0,69.12111592292786,20000.0,7.0,481.1761198043823,140000.0,289.3471804231374,140000.0
1.0,0.0065678605,-0.04127247,80.0,3.7021532,55.197544,3.0586452,0.11202569,-2.8471854,5000,0.7348523,1000,1000.0,1000,5,0.0,594.98849001294,571.806974280905,551.1240238598548,5,16.440708941804786,3.3131523,0.104944065,-3.482147,20000,0.726628,1000,969.3809523809524,357,21,136.93254376498714,638.7983988933265,548.242256032946,208.5487767123268,21,90.55559666407814,189.0,67.99684572219849,20000.0,8.0,549.2209763526917,160000.0,294.13129076178205,160000.0
1.0,0.0065803956,-0.041678607,80.0,3.415545,58.106335,2.8859363,0.011860657,-2.8286846,5000,0.72815377,1000,1000.0,1000,5,0.0,620.1443579476327,603.1612741015851,581.299467981793,5,14.337846283104527,3.493712,0.1103738,-3.141419,20000,0.72748715,1000,1000.0,1000,20,0.0,672.2110302550718,605.7865596415825,558.4449811279774,20,34.275913706892005,209.0,67.28282165527344,20000.0,9.0,616.5527174472809,180000.0,297.25269404530775,180000.0
1.0,0.0065199523,-0.042307295,80.0,2.5053914,61.465874,2.9153624,-0.03109117,-3.0232759,5000,0.730365,1000,1000.0,1000,5,0.0,588.3494603969157,561.2821783237159,545.4716844428331,5,14.476003018986123,3.342593,0.0633617,-3.1232684,20000,0.7356729,1000,1000.0,1000,20,0.0,670.9044542461634,616.274272536306,527.1021090298891,20,38.60987687351624,229.0,68.23830270767212,20000.0,10.0,684.8402984142303,200000.0,293.0905255026423,200000.0
1.0,0.0062457444,-0.047298685,80.0,2.6498253,64.68405,2.8978064,0.045657646,-2.9439654,5000,0.73578143,1000,1000.0,1000,5,0.0,680.5234872205183,663.1900457704439,640.8915775902569,5,13.132145996757691,3.130947,0.057373412,-3.1480541,20000,0.7401761,1000,1000.0,1000,20,0.0,711.4400761956349,657.559786701019,591.2705442202277,20,34.11821618408304,249.0,67.75384759902954,20000.0,11.0,752.6436169147491,220000.0,295.1861880724611,220000.0
1.0,0.0067318864,-0.04726703,80.0,2.604052,65.92004,3.2216146,0.036366493,-3.5920875,5000,0.74712825,1000,1000.0,1000,5,0.0,715.7947784010321,670.367273188103,621.6053595021367,5,30.808489070554803,3.4440334,0.027781622,-3.1089299,20000,0.7381511,1000,1000.0,1000,20,0.0,710.5227235630155,664.1560676772264,597.8064753264189,20,30.240642339000942,269.0,68.81442952156067,20000.0,12.0,821.5085356235504,240000.0,290.6367187674451,240000.0
1.0,0.0069464883,-0.04024198,80.0,2.9467642,68.06919,2.9333453,-0.036056504,-3.3760498,5000,0.73641926,1000,1000.0,1000,5,0.0,712.4113549579633,689.7066172668477,631.9792713914067,5,29.953699630074652,3.6557574,0.036302198,-3.6063979,20000,0.7470096,1000,1000.0,1000,20,0.0,745.7697306424379,683.3479188551385,560.6409609634429,20,42.83284835576498,289.0,67.33358788490295,20000.0,13.0,888.8907594680786,260000.0,297.02858006300085,260000.0
1.0,0.007052506,-0.04322303,80.0,2.0483928,67.95041,3.1587756,0.13712843,-2.738577,5000,0.74214566,1000,1000.0,1000,5,0.0,725.1285868361592,639.7797160482966,593.3791255089454,5,45.463846681075836,3.2263355,0.042807687,-3.0015721,20000,0.7377947,1000,1000.0,1000,20,0.0,787.4614638909698,690.7561089066323,589.3589689182118,20,48.58611830552776,309.0,67.56845498085022,20000.0,14.0,956.5094616413116,280000.0,295.9961124709491,280000.0
1.0,0.0069261193,-0.039682083,80.0,2.0498524,69.661964,2.8682437,0.03349715,-3.155672,5000,0.7304882,1000,1000.0,1000,5,0.0,757.1908140406013,739.0276425659656,697.9572636336088,5,22.837869436260846,3.2500896,0.028031997,-3.303473,20000,0.7380108,1000,1000.0,1000,20,0.0,771.934029430151,709.3793396128283,595.7549644038081,20,48.67648410905305,329.0,68.2086455821991,20000.0,15.0,1024.7678353786469,300000.0,293.2179612905192,300000.0
1.0,0.0068859034,-0.041378338,80.0,1.5667392,69.89636,3.245346,0.083679266,-3.0175781,5000,0.731396,1000,1000.0,1000,5,0.0,821.2145197838545,712.1795353651047,589.5487237870693,5,75.99587114127566,3.3759177,0.06293039,-3.6159177,20000,0.73455,1000,1000.0,1000,20,0.0,808.1391523778439,720.1092486586407,585.0839324966073,20,64.26944143571441,349.0,68.54037547111511,20000.0,16.0,1093.3585958480835,320000.0,291.7988100083954,320000.0
1.0,0.0070569166,-0.040385246,80.0,1.7919319,73.82991,3.5190334,0.039549846,-2.811671,5000,0.72767836,1000,1000.0,1000,5,0.0,737.410043656826,728.9553434880451,714.3205520436168,5,8.500037369881152,3.0058556,0.05069764,-3.2446423,20000,0.7294971,1000,1000.0,1000,20,0.0,829.5178627967834,740.1318587173009,630.5435868352652,20,45.59444757920882,369.0,67.48321652412415,20000.0,17.0,1160.909884929657,340000.0,296.3699869411282,340000.0
1.0,0.0070883515,-0.041083947,80.0,1.4421198,74.37439,2.802795,0.04342134,-2.9023242,5000,0.7203899,1000,1000.0,1000,5,0.0,776.6556343436241,729.9715699654073,688.6907658409327,5,30.945444112147225,3.30575,0.040170364,-3.164036,20000,0.7236049,1000,1000.0,1000,20,0.0,858.7549579730257,765.4347854984692,680.0154917240143,20,50.02397030310523,389.0,66.3762936592102,20000.0,18.0,1227.3353283405304,360000.0,301.3123947939032,360000.0
1.0,0.007357231,-0.044709347,80.0,1.5964717,77.29404,3.4918785,0.07609364,-3.1112628,5000,0.7072715,1000,1000.0,1000,5,0.0,815.421001136303,737.3068626999855,693.7024803385139,5,41.65674951925234,3.079083,0.037409835,-3.045456,20000,0.7113844,1000,1000.0,1000,20,0.0,856.9263201057911,776.3889762452338,724.3769768755883,20,31.760431816173778,409.0,67.58286261558533,20000.0,19.0,1294.9679305553436,380000.0,295.9330106178099,380000.0
1.0,0.007260444,-0.043752115,80.0,1.622999,77.51579,2.746349,-0.01586703,-3.0556958,5000,0.71314865,1000,1000.0,1000,5,0.0,845.384692568332,814.0191253177821,771.4275714829564,5,32.62257337888364,3.3276243,0.0133459065,-3.3856025,20000,0.71396625,1000,1000.0,1000,20,0.0,850.6509045087732,761.336367121106,696.0057198405266,20,44.51547894447847,429.0,67.27870512008667,20000.0,20.0,1362.2965168952942,400000.0,297.27088183849156,400000.0
1.0,0.007696194,-0.042244922,80.0,1.2045043,79.01573,2.9501762,0.004505478,-3.4663744,5000,0.691905,1000,1000.0,1000,5,0.0,861.0357453972101,799.5239354461431,749.3337036669254,5,36.94364217009578,2.9935353,0.019774541,-3.6067345,20000,0.6963776,1000,1000.0,1000,20,0.0,878.7056704238057,800.2041583056329,735.9011041074991,20,42.22007512872234,449.0,67.94582653045654,20000.0,21.0,1430.2920563220978,420000.0,294.3521481931646,420000.0
1.0,0.007480686,-0.04029634,80.0,1.2114491,78.76647,2.9011755,-0.013093344,-3.0072722,5000,0.69002366,1000,1000.0,1000,5,0.0,880.6101874560118,844.4882817089558,799.7540218830109,5,32.517488639885585,3.0940049,0.017422497,-3.4154856,20000,0.69767755,1000,1000.0,1000,20,0.0,857.1184658929706,785.651496206416,707.3591428510845,20,38.371939710852516,469.0,67.47099900245667,20000.0,22.0,1497.8129742145538,440000.0,296.42365306124765,440000.0
1.0,0.008050121,-0.043297507,80.0,1.2087349,81.91943,2.7574174,-0.0018825065,-3.1567616,5000,0.685129,1000,1000.0,1000,5,0.0,882.3858363032341,824.6191204929725,802.0733665497974,5,29.749711138278574,3.3188655,0.030118847,-3.4394314,20000,0.6815939,1000,1000.0,1000,20,0.0,878.6571582481265,819.3133332851809,733.3640213217586,20,42.120608472898255,489.0,67.24181056022644,20000.0,23.0,1565.1046543121338,460000.0,297.43398985496697,460000.0
1.0,0.007868049,-0.040113058,80.0,1.0576599,81.90158,2.5633075,0.013429941,-3.353401,5000,0.6734021,1000,1000.0,1000,5,0.0,893.331026032567,823.7058301769197,767.7482908070087,5,41.202449049865706,2.8121357,0.029187342,-3.331917,20000,0.67323923,1000,1000.0,1000,20,0.0,893.6105161160231,811.8698767920025,735.3696470856667,20,44.195964709364574,509.0,66.8212616443634,20000.0,24.0,1631.9749472141266,480000.0,299.30593209155705,480000.0
1.0,0.007819159,-0.043397494,80.0,0.90854394,81.22503,2.9840171,0.076716214,-2.7282562,5000,0.658386,1000,1000.0,1000,5,0.0,859.0972838401794,794.3693715977715,737.9926916658878,5,48.22638653982347,3.2341201,0.038773697,-2.9801834,20000,0.6736616,1000,1000.0,1000,20,0.0,893.6073116790503,813.933183791209,760.7675646692514,20,39.65954131635323,529.0,67.19554257392883,20000.0,25.0,1699.2197649478912,500000.0,297.63879022177565,500000.0
1.0,0.007810974,-0.040112626,80.0,0.79733115,83.86315,2.7922869,0.030254714,-2.6471882,5000,0.6366946,1000,1000.0,1000,5,0.0,916.5965144485235,845.7525527231395,774.4596183598042,5,60.25571215277137,2.9270759,0.028249795,-3.3752892,20000,0.663593,1000,1000.0,1000,20,0.0,911.9634879529476,830.1357324035773,749.8778599947691,20,45.35778943502692,549.0,66.83546686172485,20000.0,26.0,1766.1043691635132,520000.0,299.2423175763517,520000.0
1.0,0.008020125,-0.04587152,80.0,0.7919124,82.37468,2.5090935,0.012641558,-2.653256,5000,0.6287895,1000,1000.0,1000,5,0.0,919.6252319565974,862.9456677994691,803.8539585918188,5,43.225080677449085,2.8324041,0.05039152,-2.858467,20000,0.63955116,1000,1000.0,1000,20,0.0,929.5490143746138,836.3414449897595,742.4481962174177,20,49.69895683189741,569.0,67.59050846099854,20000.0,27.0,1833.7433280944824,540000.0,295.8995346445798,540000.0
1.0,0.008023074,-0.048647873,80.0,0.58823717,87.60344,3.1312563,0.03683284,-2.6514413,5000,0.6369531,1000,1000.0,1000,5,0.0,935.3470156341791,897.4626735396683,851.9860420934856,5,29.55380663484322,2.870714,0.045300562,-3.1030207,20000,0.6288933,1000,1000.0,1000,20,0.0,930.3419311493635,870.574203421548,793.8555466458201,20,44.77826152472713,589.0,66.75216102600098,20000.0,28.0,1900.54456949234,560000.0,299.61576812786177,560000.0
1.0,0.007955043,-0.045099117,80.0,0.53973156,87.165955,2.3032036,0.0055302847,-2.290204,5000,0.5934952,1000,1000.0,1000,5,0.0,875.8454232662916,841.0012134984136,780.4469926580787,5,33.38210093886467,2.5522223,0.03428531,-2.8387122,20000,0.6196942,1000,1000.0,1000,20,0.0,934.5553871542215,885.1786632722709,807.2125940471888,20,40.69933949694433,609.0,66.84128665924072,20000.0,29.0,1967.4344470500946,580000.0,299.2162628759784,580000.0
1.0,0.0079779755,-0.04602335,80.0,0.49627373,88.9829,2.5409627,0.008250618,-3.0383124,5000,0.6145242,1000,1000.0,1000,5,0.0,928.6646593883634,910.9706605065614,879.5689659882337,5,16.60188170144873,2.7048843,0.018228028,-2.6792703,20000,0.6219754,1000,1000.0,1000,20,0.0,944.0675371140242,890.7760273719207,839.4010101109743,20,29.061669858302224,629.0,67.39725589752197,20000.0,30.0,2034.8805232048035,600000.0,296.7479867490473,600000.0
1.0,0.008200562,-0.04104606,80.0,0.5101775,86.80515,2.3548672,0.02387978,-2.8007123,5000,0.6006748,1000,1000.0,1000,5,0.0,921.2544462308288,889.9077656567097,858.6606932729483,5,20.53035304932738,2.8762722,0.035281844,-2.6049008,20000,0.61254805,1000,1000.0,1000,20,0.0,937.0682191848755,880.0071193480632,833.9154080450535,20,29.00871787287038,649.0,66.7143874168396,20000.0,31.0,2101.6458337306976,620000.0,299.7854102299939,620000.0
1.0,0.008229637,-0.051936895,80.0,0.4077071,90.11106,2.4746747,0.04061938,-2.6304188,5000,0.58889365,1000,1000.0,1000,5,0.0,926.4139315187931,883.7183176662772,825.0454345047474,5,38.34060557570887,2.3149357,0.025020998,-2.601148,20000,0.59521675,1000,1000.0,1000,20,0.0,941.7064551264048,897.1934491479769,855.7645283490419,20,23.362235639988928,669.0,66.70528364181519,20000.0,32.0,2168.399670124054,640000.0,299.82632421433414,640000.0
1.0,0.008000397,-0.05032877,80.0,0.5546001,89.57313,2.140398,0.05992685,-2.3675888,5000,0.5806219,1000,1000.0,1000,5,0.0,954.666089490056,900.8017703473568,874.743831038475,5,29.53474495755161,2.4497921,0.035034355,-2.6480975,20000,0.5880052,1000,1000.0,1000,20,0.0,960.6611606404185,895.9466430882458,809.4697896838188,20,39.76588347748682,689.0,66.76548933982849,20000.0,33.0,2235.214689016342,660000.0,299.5559561947094,660000.0
1.0,0.008337814,-0.047554333,80.0,0.460038,90.31543,2.1665542,0.072076105,-2.2234166,5000,0.56560767,1000,1000.0,1000,5,0.0,946.3757205829024,891.2510051272809,861.9076751321554,5,30.303910655241072,2.7418723,0.040265404,-2.5795212,20000,0.58592206,1000,1000.0,1000,20,0.0,979.0337577909231,904.4000662669539,847.4721432775259,20,35.71278480952985,709.0,67.23449373245239,20000.0,34.0,2302.498161792755,680000.0,297.4663582592949,680000.0
1.0,0.008070975,-0.047499105,80.0,0.4749446,88.80089,2.2454839,0.02092896,-2.5434446,5000,0.56423634,1000,1000.0,1000,5,0.0,966.1947549208999,932.3376623447984,897.0384754389524,5,26.749332813055094,2.3750796,0.026998486,-2.7197955,20000,0.57723665,1000,1000.0,1000,20,0.0,954.7801041603088,899.8856826566159,813.5880316570401,20,38.22288903209112,729.0,66.82961392402649,20000.0,35.0,2369.377031326294,700000.0,299.2685252190216,700000.0
1.0,0.008279059,-0.05077245,80.0,0.41617116,92.1308,2.3935819,0.061870094,-2.7408824,5000,0.5680701,1000,1000.0,1000,5,0.0,963.5061027705669,908.0004503801465,886.3731643930078,5,28.310389622153153,2.5477428,0.030817797,-2.4414322,20000,0.56851846,1000,1000.0,1000,20,0.0,972.4836864769459,917.1222025783733,845.9153511971235,20,32.54847614138569,749.0,66.80864596366882,20000.0,36.0,2436.2348577976227,720000.0,299.3624509449898,720000.0
1.0,0.008494546,-0.045460038,80.0,0.34160268,91.11044,2.1625068,0.051543396,-2.3389657,5000,0.5582711,1000,1000.0,1000,5,0.0,907.586038172245,888.1682728171348,863.0789947360754,5,15.509554439162011,2.3767948,0.0409949,-2.6809082,20000,0.54811394,1000,1000.0,1000,20,0.0,976.3361478298903,913.7462010890246,870.1644644588232,20,33.09937059251934,769.0,66.74871969223022,20000.0,37.0,2503.0325000286102,740000.0,299.6312152834906,740000.0
1.0,0.008594057,-0.047958527,80.0,0.52115136,94.03305,2.2046924,0.06860703,-2.3114767,5000,0.5408068,1000,1000.0,1000,5,0.0,971.0517205446959,918.246221292764,888.8007082082331,5,28.48893804919268,2.3417091,0.015323291,-2.7078185,20000,0.5398843,1000,1000.0,1000,20,0.0,980.3227344620973,936.2890448609367,884.3376009166241,20,33.571154227129995,789.0,67.59510278701782,20000.0,38.0,2570.678646326065,760000.0,295.8794228483836,760000.0
1.0,0.008615995,-0.057483744,80.0,0.5636731,93.82112,2.1363177,0.013248671,-2.4162183,5000,0.53539544,1000,1000.0,1000,5,0.0,990.2375253736973,940.4438977003098,840.3100328445435,5,55.767828665729695,2.3805208,0.024271887,-2.6125736,20000,0.5430203,1000,1000.0,1000,20,0.0,998.7160789072514,919.1051318834536,753.8685987740755,20,57.6069087901572,809.0,66.99271368980408,20000.0,39.0,2637.7215189933777,780000.0,298.53992917208683,780000.0
1.0,0.008631287,-0.0572324,80.0,0.59339356,91.864044,2.1589918,0.024997765,-2.246737,5000,0.5214478,1000,1000.0,1000,5,0.0,986.5425084233284,922.4847271520645,889.1088587529957,5,35.368618381150554,2.2167425,0.021384366,-2.8840427,20000,0.54390866,1000,1000.0,1000,20,0.0,983.8850680179894,922.4065761092119,857.1627227514982,20,36.533794657701634,829.0,67.39979839324951,20000.0,40.0,2705.208259820938,800000.0,296.73679264303433,800000.0
1.0,0.008679858,-0.068618506,80.0,0.27441067,91.94311,2.221725,0.049973078,-2.6838505,5000,0.55780894,1000,1000.0,1000,5,0.0,940.8629623949528,911.4340222284197,868.6604601666331,5,26.92237919252291,2.227447,0.038954653,-2.429548,20000,0.5180251,1000,1000.0,1000,20,0.0,969.0859825313091,921.2074365912006,883.3359240293503,20,24.92467122725121,849.0,66.68684649467468,20000.0,41.0,2771.945168495178,820000.0,299.90921825336443,820000.0
1.0,0.008619769,-0.054667998,80.0,0.5758432,94.05266,2.254896,0.02529205,-2.409164,5000,0.5169079,1000,1000.0,1000,5,0.0,983.9007338881493,948.5532249428331,918.8822523057461,5,26.600387117662407,2.125535,0.026288947,-2.539175,20000,0.5134865,1000,1000.0,1000,20,0.0,1025.222383826971,938.9660831723362,882.590853355825,20,35.18399582035139,869.0,66.75177311897278,20000.0,42.0,2838.7484884262085,840000.0,299.6175092510827,840000.0
1.0,0.008699731,-0.052991822,80.0,0.5822964,94.97903,2.272605,0.01935233,-2.3975809,5000,0.53389853,1000,1000.0,1000,5,0.0,976.5039673745632,949.0461841410026,908.3420861242339,5,24.508258276131762,2.1136298,0.021441972,-2.3516927,20000,0.5211718,1000,1000.0,1000,20,0.0,1001.6574549674988,938.5513892062008,881.2249306589365,20,37.3906812305507,889.0,66.47253823280334,20000.0,43.0,2905.275166749954,860000.0,300.8761291761574,860000.0
1.0,0.008679139,-0.059282463,80.0,0.7528983,94.0477,2.0200262,0.051500145,-2.0141497,5000,0.50563645,1000,1000.0,1000,5,0.0,972.3602727800608,939.0719169765711,907.3905166685581,5,26.537629592976142,2.364059,0.041728772,-2.2960672,20000,0.50866646,1000,1000.0,1000,20,0.0,1010.2771587818861,925.4729379354045,840.3805287778378,20,37.35523460816988,909.0,67.54823040962219,20000.0,44.0,2972.875215768814,880000.0,296.0847364722528,880000.0
1.0,0.008802505,-0.05492171,80.0,0.4168396,93.56422,2.0955598,0.061604854,-1.9684167,5000,0.50078726,1000,1000.0,1000,5,0.0,991.3300800025463,941.7678639426828,925.2177291512489,5,25.156000983739013,2.254513,0.047058113,-2.2499998,20000,0.49776715,1000,1000.0,1000,20,0.0,987.9428378641605,933.2433604884893,879.8404720723629,20,30.387794835312327,929.0,66.84262704849243,20000.0,45.0,3039.7667965888977,900000.0,299.21026271888695,900000.0
1.0,0.0088105425,-0.054894596,80.0,0.37275678,94.496315,2.130534,-0.014952899,-1.9661918,5000,0.48728922,1000,1000.0,1000,5,0.0,981.8911261558533,950.0774664849043,922.8693337216973,5,19.992392050570228,2.2517657,0.03407778,-2.376967,20000,0.49060002,1000,1000.0,1000,20,0.0,987.1265742406249,940.1198513936251,888.9622039198875,20,24.672089202675004,949.0,66.75064086914062,20000.0,46.0,3106.5683743953705,920000.0,299.62259147756237,920000.0
1.0,0.008764487,-0.050135933,80.0,0.33710656,94.646965,2.1398668,0.06899314,-2.2461767,5000,0.49162045,1000,1000.0,1000,5,0.0,995.0973842293024,934.4553758591413,882.2072151005268,5,36.327764523041104,2.2689998,0.036988206,-2.0515265,20000,0.48757187,1000,1000.0,1000,20,0.0,1006.4883828610182,947.84727181294,908.7181198000908,20,26.717421463967447,969.0,67.24845623970032,20000.0,47.0,3173.8674244880676,940000.0,297.4045966008799,940000.0
1.0,0.008845792,-0.057396583,80.0,0.3449755,94.6802,1.9135869,0.025684433,-1.9576147,5000,0.4736414,1000,1000.0,1000,5,0.0,1006.7152068912983,964.9542612731457,939.0127041935921,5,24.830909587905545,2.1982784,0.044194765,-2.3214655,20000,0.47829074,1000,1000.0,1000,20,0.0,1000.2769595980644,944.3753251175397,907.9606108814478,20,25.51331221093592,989.0,67.86081075668335,20000.0,48.0,3241.779175758362,960000.0,294.72091148027255,960000.0
1.0,0.008756621,-0.06755694,80.0,0.37903586,94.543076,1.9779265,0.06989506,-2.0500386,5000,0.4750387,1000,1000.0,1000,5,0.0,1011.6133320406079,957.4004791870714,920.3817705065012,5,29.82229808775857,2.2406573,0.057655104,-2.2626941,20000,0.47735536,1000,1000.0,1000,20,0.0,1001.0299082547426,949.3397819737904,894.7281713783741,20,26.20194515281764,1009.0,67.83939504623413,20000.0,49.0,3309.67213845253,980000.0,294.81394971711546,980000.0
1.0,0.008962991,-0.05624953,80.0,0.6536652,96.220345,1.9513065,0.018794551,-1.9314222,5000,0.46641713,1000,1000.0,1000,5,0.0,984.9377631917596,956.9619901847094,937.9684488978237,5,16.471332325715355,2.0453596,0.036436923,-2.3677769,20000,0.47306386,1000,1000.0,1000,20,0.0,1019.107074804604,957.7280231994577,908.5219468958676,20,27.942787518331517,1029.0,67.14966297149658,20000.0,50.0,3376.8718678951263,1000000.0,297.84215013096224,1000000.0
1.0,0.009011148,-0.053084303,80.0,0.6180548,97.18826,1.8464775,0.03842406,-1.9100494,5000,0.47122747,1000,1000.0,1000,5,0.0,1002.3357785008848,967.7520011745394,936.8125653713942,5,24.503692332931717,2.0809827,0.031350046,-2.3203807,20000,0.4751955,1000,1000.0,1000,20,0.0,1029.1321985721588,970.0081851251423,929.8402692973614,20,29.762571191481914,1049.0,68.51538228988647,20000.0,51.0,3445.437027454376,1020000.0,291.9052529748811,1020000.0
1.0,0.008997558,-0.051722657,80.0,0.3668495,95.33241,2.0041165,-0.009847462,-1.9314349,5000,0.4475334,1000,1000.0,1000,5,0.0,995.542959317565,934.9950505897402,861.7632437199354,5,45.45127554928925,2.079138,0.025557619,-2.0898776,20000,0.46441442,1000,1000.0,1000,20,0.0,1019.1830410510302,948.6275774277747,881.0296183824539,20,28.09684277922618,1069.0,67.09597301483154,20000.0,52.0,3512.5833060741425,1040000.0,298.0804823499468,1040000.0
1.0,0.009050523,-0.06296783,80.0,0.2345868,95.75824,1.8976432,-0.0056466484,-2.1616478,5000,0.4654813,1000,1000.0,1000,5,0.0,983.9358265250921,965.4113785415888,940.2610451281071,5,19.127757842251206,2.0708551,0.048407283,-2.2636395,20000,0.4549982,1000,1000.0,1000,20,0.0,1002.51589179039,955.8686408877372,924.9277456700802,20,23.074303107582857,1089.0,67.84627389907837,20000.0,53.0,3580.4795582294464,1060000.0,294.78405888214417,1060000.0
1.0,0.009085313,-0.052943777,80.0,0.3621208,94.76049,1.8798902,0.034175176,-2.1443744,5000,0.45812094,1000,1000.0,1000,5,0.0,993.3749874564819,971.6438271022402,947.0649025589228,5,16.732958304025747,2.0203497,0.049778193,-2.3956337,20000,0.46835148,1000,1000.0,1000,20,0.0,990.70482853055,953.6570168840233,888.0147028565407,20,25.918660068689867,1109.0,67.7123634815216,20000.0,54.0,3648.247894048691,1080000.0,295.3670344922742,1080000.0
1.0,0.009047089,-0.0620947,80.0,0.32096553,95.999306,2.069528,0.045168586,-1.9686838,5000,0.45536348,1000,1000.0,1000,5,0.0,987.2769646495581,955.8948670625687,926.0245243906975,5,20.490283431937385,1.8816316,0.025107095,-2.1525998,20000,0.4470248,1000,1000.0,1000,20,0.0,1001.1243231445551,958.8271225734613,912.4206998199224,20,22.411154474883254,1129.0,67.70503687858582,20000.0,55.0,3716.0061404705048,1100000.0,295.3989972099953,1100000.0
1.0,0.008964273,-0.06542847,80.0,0.39731282,96.711136,1.9035902,0.015970128,-1.9241569,5000,0.4642951,1000,1000.0,1000,5,0.0,970.1250461190939,956.2387367367744,929.4205616265535,5,15.520460015399273,1.9176307,0.029297253,-2.2079084,20000,0.46070138,1000,1000.0,1000,20,0.0,1002.9744127839804,960.2889267105842,914.945917069912,20,26.40948897169371,1149.0,67.41987180709839,20000.0,56.0,3783.4770460128784,1120000.0,296.6484430172748,1120000.0
1.0,0.008992919,-0.057399005,80.0,0.48455864,95.43885,2.2457128,0.04509899,-1.8696945,5000,0.4648216,1000,1000.0,1000,5,0.0,1047.554583651945,987.5987854275852,948.9356500953436,5,39.10023122063158,2.146749,0.035272606,-2.2479897,20000,0.46495557,1000,1000.0,1000,20,0.0,1022.4849162995815,952.2032690530643,872.5960837751627,20,37.757034400011534,1169.0,67.39063858985901,20000.0,57.0,3850.91845035553,1140000.0,296.7771254064005,1140000.0
1.0,0.009117237,-0.06449957,80.0,0.49033195,96.019226,2.0454156,0.03589143,-1.9936786,5000,0.4707008,1000,1000.0,1000,5,0.0,1020.4368185400963,971.5685717485845,938.1194261610508,5,28.714531290497305,1.9151096,0.040496312,-1.9934475,20000,0.45874777,1000,1000.0,1000,20,0.0,1070.9731203764677,969.2777431912721,844.3337633162737,20,49.4164346067686,1189.0,67.97745180130005,20000.0,58.0,3918.9471158981323,1160000.0,294.2152062195645,1160000.0
1.0,0.008940991,-0.062165737,80.0,0.7008465,98.07077,1.8866274,0.018502839,-2.1744747,5000,0.4634316,1000,1000.0,1000,5,0.0,991.6658431738615,947.4415987104178,910.9278263896704,5,29.273013823375617,2.212627,0.03542163,-2.0095763,20000,0.465923,1000,1000.0,1000,20,0.0,1057.8226051181555,973.2009191516787,865.3138805925846,20,46.37521178940933,1209.0,66.97771549224854,20000.0,59.0,3985.975932121277,1180000.0,298.60678067341127,1180000.0
1.0,0.009100427,-0.06312973,80.0,0.5164652,98.026726,1.8958628,-0.006685086,-2.3070672,5000,0.47440284,1000,1000.0,1000,5,0.0,1026.1603420823812,951.0176627416164,881.5571696162224,5,55.14010851394911,2.0082343,0.03698119,-2.122147,20000,0.45766622,1000,1000.0,1000,20,0.0,1091.319148361683,980.7949040524661,920.4012092500925,20,43.49437626577818,1229.0,66.30673408508301,20000.0,60.0,4052.3334205150604,1200000.0,301.62848880984757,1200000.0
1.0,0.009052187,-0.0523822,80.0,0.67864287,95.22071,1.943687,0.03432746,-2.2090435,5000,0.47425246,1000,1000.0,1000,5,0.0,1069.8022452294827,988.2227096654475,940.4858017265797,5,51.92341862482387,2.0807476,-0.004270255,-2.2903113,20000,0.4757492,1000,1000.0,1000,20,0.0,1077.9832941740751,930.6227444700664,726.741832524538,20,70.58185928454081,1249.0,67.11284637451172,20000.0,61.0,4119.5015552043915,1220000.0,298.00553963086935,1220000.0
1.0,0.009023117,-0.08418428,80.0,0.47950038,95.49924,2.1415517,-0.0052559227,-2.1479383,5000,0.4796654,1000,1000.0,1000,5,0.0,1032.1640375740826,985.1364111073315,930.4939830750227,5,32.71788982854992,1.9895041,0.033182897,-2.309766,20000,0.45319134,1000,1000.0,1000,20,0.0,1045.448048464954,952.8494841046631,872.8990959078074,20,50.16225311434818,1269.0,67.17366981506348,20000.0,62.0,4186.726264953613,1240000.0,297.73570589581016,1240000.0
1.0,0.008994889,-0.058566887,80.0,0.8549495,99.18471,1.7825787,0.041521586,-1.8459116,5000,0.43218482,1000,1000.0,1000,5,0.0,964.2989374324679,935.5700341671705,898.7743898779154,5,22.69397541549862,2.136164,0.015997786,-2.1532319,20000,0.48047623,1000,1000.0,1000,20,0.0,1131.0870651900768,993.5469415733357,911.0359278470278,20,57.697849014858285,1289.0,68.52035117149353,20000.0,63.0,4255.347492218018,1260000.0,291.8840849187093,1260000.0
1.0,0.00909459,-0.055376716,80.0,1.1279731,101.44364,1.9579318,0.038405444,-1.9752243,5000,0.44788808,1000,1000.0,1000,5,0.0,1026.8405691832304,967.5201922059059,922.8182206749916,5,40.555959735412294,2.0100162,0.016250258,-2.0779905,20000,0.50511205,1000,1000.0,1000,20,0.0,1152.1727980971336,1002.3290783530101,905.5082058683038,20,67.59042325758139,1309.0,67.11622262001038,20000.0,64.0,4322.51402258873,1280000.0,297.9905486223996,1280000.0
1.0,0.009187951,-0.05654621,80.0,0.66495353,97.36122,1.8507307,0.044657,-2.0126524,5000,0.4459246,1000,1000.0,1000,5,0.0,1063.755852997303,967.4119491696358,917.8519334197044,5,50.618665625193096,1.8969159,0.036947634,-2.2802026,20000,0.46769226,1000,1000.0,1000,20,0.0,1106.6224606633186,968.7245911482721,854.4097831994295,20,66.69967443964745,1329.0,66.99260663986206,20000.0,65.0,4389.558153867722,1300000.0,298.54040621998377,1300000.0
1.0,0.009203447,-0.054213606,80.0,1.0720199,99.40991,1.8071232,0.032055907,-2.008221,5000,0.45131466,1000,1000.0,1000,5,0.0,1153.9159414321184,987.9696424007416,896.9986894726753,5,92.56462176649829,2.1395054,0.03055738,-2.0556192,20000,0.46323487,1000,1000.0,1000,20,0.0,1146.868742838502,982.9609241600498,891.6455213725567,20,74.3866016018283,1349.0,67.30190873146057,20000.0,66.0,4456.910299777985,1320000.0,297.1683920555869,1320000.0
1.0,0.009018803,-0.0746418,80.0,0.97559476,100.59737,1.8891234,0.013218695,-2.010126,5000,0.5026461,1000,1000.0,1000,5,0.0,1212.3991790115833,1051.0423510797323,904.4397271126509,5,106.81989576624447,1.8407484,0.016265646,-2.1862056,20000,0.47288844,1000,1000.0,1000,20,0.0,1176.3493560031056,998.0505437077954,892.9009872972965,20,81.91176627790739,1369.0,68.05133414268494,20000.0,67.0,4525.0173444747925,1340000.0,293.89578105942053,1340000.0
1.0,0.009195782,-0.059629142,80.0,1.134402,99.2626,1.744699,0.030329254,-1.8864686,5000,0.43157324,1000,1000.0,1000,5,0.0,1034.6059660613537,959.9093018941581,925.738530524075,5,38.97339965611353,2.001816,0.021496838,-2.1488752,20000,0.4579207,1000,1000.0,1000,20,0.0,1147.2182561624795,986.483936085878,888.5670962035656,20,81.15443761511213,1389.0,67.06995844841003,20000.0,68.0,4592.137885093689,1360000.0,298.19609945612126,1360000.0
1.0,0.009241431,-0.064424306,80.0,0.8765131,100.71591,1.9123473,0.013732167,-2.0785956,5000,0.4831427,1000,1000.0,1000,5,0.0,1102.5453131236136,1008.5881265912205,896.8267099261284,5,80.48613784497006,1.8941913,0.0028404382,-2.1272564,20000,0.47790715,1000,1000.0,1000,20,0.0,1191.53064417094,1016.0012643588707,896.6331735551357,20,91.09892091349066,1409.0,66.28940320014954,20000.0,69.0,4658.477547645569,1380000.0,301.70734739628614,1380000.0
1.0,0.009269636,-0.055404853,80.0,1.7467477,106.02376,1.7816968,0.030494202,-1.9518931,5000,0.44011965,1000,1000.0,1000,5,0.0,1241.3070607036352,1002.1032024440123,924.6680514365435,5,120.04326951863558,1.9934174,0.021558529,-2.2605925,20000,0.49963856,1000,1000.0,1000,20,0.0,1327.3978498578072,1074.2490677142516,889.9435272961855,20,142.2455199181084,1429.0,67.33058071136475,20000.0,70.0,4725.859321117401,1400000.0,297.0418461967044,1400000.0
1.0,0.009330511,-0.056131136,80.0,2.6584356,107.44007,1.804369,-0.0049538855,-1.9885095,5000,0.49289578,1000,1000.0,1000,5,0.0,1253.9672760665417,1064.491032633558,942.9223046451807,5,141.59733404038,2.0662942,0.016340187,-2.1374428,20000,0.50332105,1000,1000.0,1000,20,0.0,1212.3551834374666,1059.6592820234014,905.9916001856327,20,107.60245953061172,1449.0,66.86868190765381,20000.0,71.0,4792.814601898193,1420000.0,299.0936777790859,1420000.0
1.0,0.009292618,-0.060526837,80.0,1.3603171,103.841866,1.8558729,0.036692686,-2.05023,5000,0.43866742,1000,1000.0,1000,5,0.0,1092.8278532028198,970.1270662505179,914.1958992779255,5,63.739105472735204,2.1651893,0.026182236,-2.2094908,20000,0.47249553,1000,1000.0,1000,20,0.0,1268.4152309671044,1034.179603213072,902.6652881801128,20,108.16687949375256,1469.0,67.81114459037781,20000.0,72.0,4860.680456161499,1440000.0,294.9367706563965,1440000.0
1.0,0.009326511,-0.056943078,80.0,1.0593367,100.99027,1.8535016,0.0036045036,-2.2011297,5000,0.4937002,1000,1000.0,1000,5,0.0,1149.7171221673489,1062.2242360755802,946.6829948425293,5,85.70131732459902,1.9746704,0.021324744,-2.014388,20000,0.45339897,1000,1000.0,1000,20,0.0,1212.996370345354,1014.5255620512878,914.3890236020088,20,100.06997254971904,1489.0,67.02027130126953,20000.0,73.0,4927.757213354111,1460000.0,298.41717456045495,1460000.0
1.0,0.0092408275,-0.056608893,80.0,1.7595716,106.81553,1.6467323,0.0011087143,-1.9668696,5000,0.4605709,1000,1000.0,1000,5,0.0,1189.9695258364081,981.4881964802742,877.1818466037512,5,109.40992839626641,1.9992652,0.01231683,-2.0580144,20000,0.4833914,1000,1000.0,1000,20,0.0,1248.7537307143211,1059.5808276290074,913.0989283770323,20,116.9400523915671,1509.0,67.7821774482727,20000.0,74.0,4995.589935302734,1480000.0,295.0628137501602,1480000.0
1.0,0.009264543,-0.066466115,80.0,1.4792367,105.58663,1.7415307,-0.0103700515,-2.0226822,5000,0.5010566,1000,1000.0,1000,5,0.0,1249.6957040205598,1048.5993472248315,935.540178745985,5,125.35559549327054,2.0293875,0.0065496345,-2.3196764,20000,0.485503,1000,1000.0,1000,20,0.0,1326.5958363488317,1050.7646288204007,915.5133964195848,20,117.7969951786252,1529.0,67.077397108078,20000.0,75.0,5062.720644950867,1500000.0,298.1630305030342,1500000.0
1.0,0.0093152905,-0.057800032,80.0,1.0079985,100.798164,1.6326292,0.02106667,-1.8049889,5000,0.4286738,1000,1000.0,1000,5,0.0,1036.2625287771225,982.9295882999897,955.8589733541012,5,27.709150189916983,1.9710062,0.022783546,-1.9846957,20000,0.4631091,1000,1000.0,1000,20,0.0,1170.1413068175316,999.2449357041157,869.3924520462751,20,96.05596861834809,1549.0,67.59103345870972,20000.0,76.0,5130.3628895282745,1520000.0,295.89723631341843,1520000.0
1.0,0.009249718,-0.054380797,80.0,2.0517647,107.30373,1.7103633,0.03492881,-2.0688045,5000,0.44575286,1000,1000.0,1000,5,0.0,1339.607845723629,1035.0149972051381,926.9495023936033,5,153.20865627795803,2.0987468,-0.002242801,-2.2464046,20000,0.49823147,1000,1000.0,1000,20,0.0,1272.5625692754984,1064.581640665047,871.9320661108941,20,125.54844250878165,1569.0,67.13245749473572,20000.0,77.0,5197.545804023743,1540000.0,297.9184845358644,1540000.0
1.0,0.009416874,-0.05317037,80.0,2.612672,119.11321,1.9315022,-0.0031496712,-1.8782086,5000,0.4811321,1000,1000.0,1000,5,0.0,1399.9885442256927,1094.8775417476893,892.6260582208633,5,220.09812063869396,1.950093,0.009435128,-2.429983,20000,0.53298175,1000,1000.0,1000,20,0.0,1413.9187382161617,1233.9827434305103,961.0193288624287,20,160.600054170265,1589.0,66.73050880432129,20000.0,78.0,5264.326746463776,1560000.0,299.71298523509614,1560000.0
1.0,0.009410583,-0.052290887,80.0,2.457629,117.16482,1.8726734,0.017296923,-1.9511535,5000,0.4799147,1000,1000.0,1000,5,0.0,1382.9431686848402,1118.866188186407,923.8559107333422,5,198.51355416907447,1.8729253,-0.0003366677,-2.1390724,20000,0.5125361,1000,1000.0,1000,20,0.0,1452.690694987774,1172.626081589749,937.7641568630934,20,171.76474369908416,1609.0,67.54039096832275,20000.0,79.0,5331.917771816254,1580000.0,296.119103150887,1580000.0
1.0,0.009386951,-0.05537182,80.0,2.659029,117.62358,1.8463867,0.0055235773,-2.2636285,5000,0.51329184,1000,1000.0,1000,5,0.0,1434.3582369685173,1216.2884515732526,940.9487968832254,5,221.49556190747919,1.9755218,0.015459088,-1.9890194,20000,0.49830353,1000,1000.0,1000,20,0.0,1442.4194249808788,1120.878430943936,881.9130658507347,20,203.11102612575237,1629.0,66.70117926597595,20000.0,80.0,5398.671514749527,1600000.0,299.84477366207426,1600000.0
1.0,0.009405682,-0.06027167,80.0,2.485622,113.163635,1.8845091,-0.0016142924,-1.9844668,5000,0.54766536,1000,1000.0,1000,5,0.0,1431.8324855268002,1283.3177272617818,906.4343738555908,5,194.99510963341928,1.9015465,0.014705993,-2.0512109,20000,0.49480647,1000,1000.0,1000,20,0.0,1528.0470155775547,1127.2564112516586,902.483080980368,20,220.0911880715843,1649.0,67.46286678314209,20000.0,81.0,5466.185240745544,1620000.0,296.4593850464369,1620000.0
1.0,0.00934833,-0.06535776,80.0,2.2449,113.86083,1.7611763,-0.002916771,-2.0002787,5000,0.501626,1000,1000.0,1000,5,0.0,1534.463477998972,1211.2593815118075,938.906939342618,5,243.561086042214,1.8295445,0.0145943165,-2.0960398,20000,0.49469548,1000,1000.0,1000,20,0.0,1488.4647971093655,1168.2846630442887,875.3914410844445,20,224.3674133986131,1669.0,67.61519646644592,20000.0,82.0,5533.851114988327,1640000.0,295.7914942970699,1640000.0
1.0,0.009296897,-0.057952236,80.0,2.3487725,110.47289,1.834454,-0.005608452,-2.0014253,5000,0.5261936,1000,1000.0,1000,5,0.0,1482.0356189608574,1245.1082715928555,924.9511301517487,5,207.4029386964655,1.88449,0.014846835,-2.1806886,20000,0.47006693,1000,1000.0,1000,20,0.0,1418.6811551451683,1053.8486913379747,893.3845061808825,20,180.2636038319109,1689.0,66.97826814651489,20000.0,83.0,5600.881586313248,1660000.0,298.6043167949643,1660000.0
1.0,0.009511674,-0.056510247,80.0,1.7824256,118.36313,1.7972479,0.015679544,-1.774729,5000,0.44972074,1000,1000.0,1000,5,0.0,1480.4300159662962,1047.9487003669142,914.8972552120686,5,217.19303141131527,2.0100188,0.011074579,-1.9557015,20000,0.49691236,1000,1000.0,1000,20,0.0,1561.8046576753259,1170.8463793449105,857.5196017473936,20,285.95964122612463,1709.0,66.96693539619446,20000.0,84.0,5667.901048660278,1680000.0,298.65484931742213,1680000.0
1.0,0.009465851,-0.080467075,80.0,2.5274236,134.09369,1.7221683,0.032877605,-1.9322402,5000,0.46512935,1000,1000.0,1000,5,0.0,1516.2452964410186,1176.6813366398214,970.545214176178,5,250.10256521331326,2.0953407,0.003576277,-2.1414375,20000,0.5149532,1000,1000.0,1000,20,0.0,1635.7453769892454,1315.8684610653668,966.8297117054462,20,263.43081686682126,1729.0,67.48720240592957,20000.0,85.0,5735.440240383148,1700000.0,296.35248294486655,1700000.0
1.0,0.009410553,-0.05361836,80.0,1.7565151,120.91691,1.7656202,-0.0013327528,-2.2199361,5000,0.54566544,1000,1000.0,1000,5,0.0,1594.979105219245,1433.0701324045658,973.2359501421452,5,232.00833004390137,2.165255,0.018524919,-2.0589933,20000,0.4862041,1000,1000.0,1000,20,0.0,1627.194322630763,1217.5436624483204,923.7392109781504,20,294.4016220381264,1749.0,67.35383749008179,20000.0,86.0,5802.846510410309,1720000.0,296.9392798583319,1720000.0
1.0,0.009500724,-0.0496549,80.0,1.8513538,122.07548,1.793792,-0.011606906,-2.1286654,5000,0.5647149,1000,1000.0,1000,5,0.0,1619.0685109943151,1512.6848268002273,1456.2535948902369,5,65.15565917973976,1.9490111,0.005260102,-2.0624194,20000,0.48878154,1000,1000.0,1000,20,0.0,1672.9775408115238,1201.5858460600489,921.8743998557329,20,275.8802185094534,1769.0,67.05043697357178,20000.0,87.0,5869.952384710312,1740000.0,298.28291809467385,1740000.0
1.0,0.009450011,-0.057061136,80.0,1.7171788,126.75021,1.676764,0.017832598,-1.9772089,5000,0.44624627,1000,1000.0,1000,5,0.0,1685.8361718058586,1092.2740537941456,903.8324568867683,5,297.755049445378,1.8212171,0.01261954,-2.0001373,20000,0.47677556,1000,1000.0,1000,20,0.0,1682.2196105271578,1222.8341036113677,911.2100953310728,20,307.3594092614387,1789.0,67.16427040100098,20000.0,88.0,5937.168293476105,1760000.0,297.7773730078654,1760000.0
1.0,0.009419003,-0.058519125,80.0,2.08328,131.17096,1.8562937,0.0013242693,-2.0520148,5000,0.5019768,1000,1000.0,1000,5,0.0,1598.9356198310852,1310.6244424343108,953.0351003855467,5,284.9871701509324,1.9320905,0.00012565222,-2.1075342,20000,0.5071209,1000,1000.0,1000,20,0.0,1721.4106153994799,1314.3830668922515,914.9318246394396,20,318.7692871257156,1809.0,66.77800798416138,20000.0,89.0,6003.997919082642,1780000.0,299.49979946607067,1780000.0
1.0,0.009383613,-0.06535594,80.0,2.0222259,125.46229,1.8683066,0.013101724,-1.877708,5000,0.46690428,1000,1000.0,1000,5,0.0,1611.977071210742,1205.0832175664605,919.0775022022426,5,315.94025639323974,1.8966393,0.0078694755,-1.9817376,20000,0.4742991,1000,1000.0,1000,20,0.0,1703.4524889439344,1193.049570645392,933.1166592687368,20,307.46599009492866,1829.0,67.22704100608826,20000.0,90.0,6071.2769956588745,1800000.0,297.4993350992311,1800000.0
1.0,0.009487884,-0.05945299,80.0,3.376265,140.3911,1.8489246,0.0034876564,-2.1093931,5000,0.54143906,1000,1000.0,1000,5,0.0,1679.7505732476711,1321.9184250184335,938.9244669675827,5,244.25134522372988,1.9208915,-0.0036280735,-2.0591612,20000,0.5191662,1000,1000.0,1000,20,0.0,1739.3197612678632,1346.3545017568163,922.5817476063967,20,325.6587795674822,1849.0,66.70322775840759,20000.0,91.0,6138.033758640289,1820000.0,299.8355652658668,1820000.0
1.0,0.009471234,-0.05222432,80.0,3.5293725,145.86789,1.9673437,-0.010812145,-1.9462754,5000,0.57664365,1000,1000.0,1000,5,0.0,1710.790118291974,1523.8734642966651,1265.413788519334,5,164.4071982461927,1.8084507,-0.0013932157,-2.2073345,20000,0.5373358,1000,1000.0,1000,20,0.0,1746.592692181468,1444.5324956358643,910.507753893733,20,300.85576657682594,1869.0,66.42393779754639,20000.0,92.0,6204.510673046112,1840000.0,301.0962713616592,1840000.0
1.0,0.009416791,-0.054033227,80.0,4.413377,131.42862,1.8037803,0.007873098,-1.9285014,5000,0.47815195,1000,1000.0,1000,5,0.0,1775.3643818348646,1208.012724968791,883.3164218217134,5,358.2282709586933,1.7784097,0.0029947741,-2.1843462,20000,0.5092306,1000,1000.0,1000,20,0.0,1715.0282282605767,1277.1197291300864,922.7315473109484,20,303.73851700953054,1889.0,66.70837473869324,20000.0,93.0,6271.280502319336,1860000.0,299.81243102298646,1860000.0
1.0,0.009506298,-0.05248527,80.0,2.0096564,125.67766,1.8782248,-0.004984073,-1.7729224,5000,0.5060042,1000,1000.0,1000,5,0.0,1703.4511294662952,1330.4826764717698,944.2396888583899,5,322.04804064075716,1.7848535,0.0018017038,-2.1721697,20000,0.46946144,1000,1000.0,1000,20,0.0,1755.7429395765066,1214.981851928588,917.4497203892097,20,345.94942164342774,1909.0,66.38410520553589,20000.0,94.0,6337.71572804451,1880000.0,301.27693878040196,1880000.0
1.0,0.009642893,-0.059336998,80.0,2.825928,134.98923,1.7335131,0.0023503145,-1.7909384,5000,0.5417718,1000,1000.0,1000,5,0.0,1748.3545656949282,1485.4788470454514,955.0870345085859,5,285.8931562003629,2.0716398,0.0031520114,-2.2164295,20000,0.51149017,1000,1000.0,1000,20,0.0,1761.1268096342683,1364.1270724235103,945.9450369179249,20,331.067132078417,1929.0,67.10017943382263,20000.0,95.0,6404.8671317100525,1900000.0,298.06179608990385,1900000.0
1.0,0.009573721,-0.056496955,80.0,2.3573768,133.39365,1.6707332,5.858612e-05,-1.8455454,5000,0.50835925,1000,1000.0,1000,5,0.0,1697.9660484939814,1364.1112916421146,900.9279984161258,5,358.9905674384297,1.9305387,0.010223879,-2.285642,20000,0.49896377,1000,1000.0,1000,20,0.0,1752.571384884417,1312.157667390909,877.3905842602253,20,342.064646878789,1949.0,66.83775210380554,20000.0,96.0,6471.757632493973,1920000.0,299.2320862158567,1920000.0
1.0,0.009450475,-0.08092691,80.0,2.3225472,146.91563,1.6697695,-0.0013810379,-2.0262494,5000,0.5093743,1000,1000.0,1000,5,0.0,1785.9859758466482,1405.7795677790418,955.1410286724567,5,370.7797526284344,1.9411814,0.0024210478,-2.1290004,20000,0.5170906,1000,1000.0,1000,20,0.0,1790.930316850543,1437.298911053571,927.5457626879215,20,369.9051495686064,1969.0,66.67656373977661,20000.0,97.0,6538.487058162689,1940000.0,299.95546978178766,1940000.0
1.0,0.009531467,-0.049831383,80.0,2.8549993,151.37064,1.807234,-0.02292331,-1.8821397,5000,0.51475513,1000,1000.0,1000,5,0.0,1791.6488443017006,1367.2087650105357,916.8209300637245,5,377.4327848072043,2.002779,0.005969278,-2.028716,20000,0.5186306,1000,1000.0,1000,20,0.0,1772.5607479214668,1397.6028167517156,902.1784617602825,20,360.40904057499955,1989.0,67.14950156211853,20000.0,98.0,6605.689442157745,1960000.0,297.84286606354686,1960000.0
1.0,0.009547653,-0.053391136,80.0,2.7775857,135.82097,1.9905472,0.008507026,-1.9765313,5000,0.50101864,1000,1000.0,1000,5,0.0,1713.8860391676426,1361.6781027421355,956.9092231541872,5,330.5568246540429,1.9922073,0.02036134,-1.9931803,20000,0.49358264,1000,1000.0,1000,20,0.0,1795.3700556755066,1336.7617667567915,848.1086564958096,20,378.3666364273195,2009.0,66.91379809379578,20000.0,99.0,6672.673646211624,1980000.0,298.89201584350644,1980000.0
1.0,0.009604132,-0.050262056,80.0,3.9478414,141.97115,1.8838722,-0.009620029,-1.9979686,5000,0.53406763,1000,1000.0,1000,5,0.0,1729.4895041342825,1442.460098524019,939.1508635394275,5,267.9526071622646,1.9803066,0.0064615603,-2.0583065,20000,0.5219134,1000,1000.0,1000,20,0.0,1769.7714703828096,1361.3350454867875,904.4823556542397,20,351.31517541193205,2029.0,67.10092854499817,20000.0,100.0,6739.828384876251,2000000.0,298.0584685439623,2000000.0
1.0,0.009518363,-0.057661407,80.0,2.27855,142.62794,2.031405,0.01001579,-1.9806608,5000,0.50946736,1000,1000.0,1000,5,0.0,1790.7640480399132,1448.9697978973388,955.2219489067793,5,400.10577665127914,1.8316956,0.0002901149,-1.9711394,20000,0.49792793,1000,1000.0,1000,20,0.0,1788.8771709650755,1390.6180751267834,923.5256659584411,20,370.9478897297729,2049.0,67.04872512817383,20000.0,101.0,6806.930906534195,2020000.0,298.29053366439047,2020000.0
1.0,0.0095373485,-0.061918437,80.0,2.208827,141.0932,1.9834602,-0.0033063893,-1.9949869,5000,0.5420408,1000,1000.0,1000,5,0.0,1793.0701705813408,1599.2836796147749,952.4395719766617,5,325.4651853514024,1.8104272,0.007077664,-1.8964329,20000,0.49028358,1000,1000.0,1000,20,0.0,1825.9489656984806,1394.3568073856645,923.8211225420237,20,402.65917251001474,2069.0,66.94767212867737,20000.0,102.0,6873.932853460312,2040000.0,298.74078312325514,2040000.0
1.0,0.009592526,-0.047369123,80.0,4.442202,164.45256,1.764055,0.015055185,-1.9079995,5000,0.45073125,1000,1000.0,1000,5,0.0,1746.927977785468,1273.5336913608014,958.666477277875,5,370.99550210019504,1.8402009,0.0010776719,-2.1669397,20000,0.5455595,1000,1000.0,1000,20,0.0,1818.86636069417,1531.570881997049,633.472496137023,20,351.6627535954151,2089.0,66.14347100257874,20000.0,103.0,6940.130312681198,2060000.0,302.373003666836,2060000.0
1.0,0.009493932,-0.055395674,80.0,4.0823402,146.43633,1.7090309,0.034211464,-1.7539527,5000,0.42981145,1000,1000.0,1000,5,0.0,1743.0385905640433,1102.4014004950645,939.4957876354456,5,320.32675724820666,1.9982483,0.004433675,-2.0718427,20000,0.5095351,1000,1000.0,1000,20,0.0,1841.398880250752,1421.103322672972,922.3394870832562,20,388.0065352763913,2109.0,67.28327226638794,20000.0,104.0,7007.467195034027,2080000.0,297.25070327756947,2080000.0
1.0,0.009495186,-0.081940435,80.0,3.4757383,149.83408,1.7009854,0.006339312,-1.8395983,5000,0.49547094,1000,1000.0,1000,5,0.0,1870.5335178114474,1478.9065919421614,952.8923900648952,5,422.1633229075039,1.8205471,0.0031571921,-1.8827093,20000,0.50518423,1000,1000.0,1000,20,0.0,1869.8165931552649,1420.6907527920325,941.9118088185787,20,386.2415822077949,2129.0,66.71041560173035,20000.0,105.0,7074.230839252472,2100000.0,299.8032589004173,2100000.0
1.0,0.009548696,-0.05424379,80.0,2.5354953,137.82455,1.7222501,0.05790727,-1.8648461,5000,0.43950203,1000,1000.0,1000,5,0.0,1857.2158787623048,1112.8709450528956,838.982291713357,5,375.04669942509764,2.0776813,0.021301383,-1.9336314,20000,0.49258402,1000,1000.0,1000,20,0.0,1844.372876316309,1313.2019097810814,850.9329680278897,20,388.9579374997839,2149.0,66.85352945327759,20000.0,106.0,7141.137902259827,2120000.0,299.1614678171561,2120000.0
1.0,0.009650971,-0.04691846,80.0,4.0670066,169.00041,1.7391564,0.046215948,-1.7416325,5000,0.44187284,1000,1000.0,1000,5,0.0,1724.3598296940327,1194.4095254214014,945.0943034142256,5,306.1643631845739,1.9079585,-0.0017033718,-2.0648925,20000,0.55102855,1000,1000.0,1000,20,0.0,1847.412254333496,1645.142017503269,899.816743157804,20,300.285340787052,2169.0,66.44363617897034,20000.0,107.0,7207.634849071503,2140000.0,301.00700609052575,2140000.0
1.0,0.00960522,-0.053125102,80.0,3.019176,164.93863,1.679504,0.019335814,-1.7359611,5000,0.43577793,1000,1000.0,1000,5,0.0,1614.8223010599613,1174.5510610252618,953.9663836732507,5,272.26250420307645,1.8403475,-0.005877618,-2.1510282,20000,0.5507625,1000,1000.0,1000,20,0.0,1861.1834776476026,1607.7627057471313,947.0344631001353,20,293.54167675784686,2189.0,65.91835641860962,20000.0,108.0,7273.60506272316,2160000.0,303.4056230557614,2160000.0
1.0,0.0095425695,-0.055381298,80.0,3.1873417,165.05646,1.6725004,-0.009547927,-1.8628497,5000,0.53957844,1000,1000.0,1000,5,0.0,1868.670579276979,1641.558622220531,978.2038282118738,5,334.92661181686185,1.9504213,-0.0053138467,-2.1173112,20000,0.53893554,1000,1000.0,1000,20,0.0,1898.7576824724674,1595.8770474338787,935.7151036784053,20,336.8262793087734,2209.0,66.60528945922852,20000.0,109.0,7340.262753009796,2180000.0,300.276451951203,2180000.0
1.0,0.009536264,-0.055348426,80.0,4.9001794,148.83807,1.6904948,0.018448995,-2.006993,5000,0.4544168,1000,1000.0,1000,5,0.0,1852.33726516366,1321.3480693412944,964.572825729847,5,423.40523356318795,1.8157899,0.0011064769,-2.1567535,20000,0.5080304,1000,1000.0,1000,20,0.0,1865.4457883760333,1426.8404491572408,935.548862695694,20,382.5497952795048,2229.0,66.47357392311096,20000.0,110.0,7406.792570590973,2200000.0,300.87144138110756,2200000.0
1.0,0.009600077,-0.060609743,80.0,3.207672,126.135056,1.7496765,0.018439855,-1.9589936,5000,0.47420013,1000,1000.0,1000,5,0.0,1803.2127792611718,1261.1328118707984,915.5546534061432,5,396.08442710641424,1.7979347,0.025234291,-2.0266023,20000,0.4622734,1000,1000.0,1000,20,0.0,1920.930139914155,1236.89980962085,819.1661473959684,20,399.7079061553023,2249.0,65.63342261314392,20000.0,111.0,7472.478254079819,2220000.0,304.7227952423549,2220000.0
1.0,0.009483373,-0.065635666,80.0,2.144094,152.61006,1.7673134,-0.02133889,-1.9953707,5000,0.5537149,1000,1000.0,1000,5,0.0,1840.6189428567886,1646.5190681099891,917.8123589977622,5,364.4374985545218,1.8778768,0.013517967,-1.999539,20000,0.5052122,1000,1000.0,1000,20,0.0,1933.165783584118,1482.3307622021996,939.562229173258,20,427.079060336424,2269.0,66.43664646148682,20000.0,112.0,7539.002812623978,2240000.0,301.0386746657051,2240000.0
1.0,0.009653601,-0.051353224,80.0,2.4578674,147.38516,1.9494755,0.02667636,-1.7881815,5000,0.46311936,1000,1000.0,1000,5,0.0,1897.803804114461,1316.8697908401489,940.1822070926428,5,436.2837532148192,2.0509539,0.0025621406,-2.0107741,20000,0.50479186,1000,1000.0,1000,20,0.0,1941.30339589715,1470.6607824138366,924.4727497790009,20,428.4184028731609,2289.0,66.21343517303467,20000.0,113.0,7605.268681049347,2260000.0,302.053502400748,2260000.0
1.0,0.009547566,-0.059897143,80.0,1.7159445,135.98534,1.5828066,0.021304233,-1.8314645,5000,0.42516074,1000,1000.0,1000,5,0.0,1907.9382428899407,1145.3200340636074,938.2430856153369,5,381.4406282652582,1.8006272,0.013948491,-2.0079956,20000,0.46655843,1000,1000.0,1000,20,0.0,1933.5481109768152,1302.6860907220282,871.0931439846754,20,432.6992306937367,2309.0,67.04031467437744,20000.0,114.0,7672.3625111579895,2280000.0,298.32795530782204,2280000.0
1.0,0.009636463,-0.052583158,80.0,3.232592,161.85143,1.6480331,0.0008055656,-1.8345406,5000,0.4929515,1000,1000.0,1000,5,0.0,1961.2029052972794,1400.0128764800727,934.6003973148763,5,414.52772603085884,1.8136008,-0.00513966,-1.9579179,20000,0.53591967,1000,1000.0,1000,20,0.0,1935.193514317274,1603.3436831364058,909.529928855598,20,399.79088786644127,2329.0,66.03658652305603,20000.0,115.0,7738.451294898987,2300000.0,302.8624138986529,2300000.0
1.0,0.009539301,-0.051861204,80.0,3.0679493,161.49356,1.6661837,0.016426032,-1.7674341,5000,0.4827782,1000,1000.0,1000,5,0.0,1954.5962102413177,1371.3512203343212,921.2433264404535,5,466.6392655260525,1.8203946,-0.003964166,-1.8104451,20000,0.5223411,1000,1000.0,1000,20,0.0,1955.256298987195,1561.2992524103727,930.3841671198606,20,422.973905818194,2349.0,66.00916838645935,20000.0,116.0,7804.51180934906,2320000.0,302.9882134388873,2320000.0
1.0,0.009492325,-0.057550408,80.0,2.826841,162.0132,1.6685574,-0.008629163,-1.836351,5000,0.49500346,1000,1000.0,1000,5,0.0,1859.228443607688,1448.4665647279471,932.2600925415754,5,408.97785203255256,1.7058821,-0.003400309,-1.9329674,20000,0.5240521,1000,1000.0,1000,20,0.0,1986.557291135192,1566.2844724419294,899.4746897630394,20,443.5456516983126,2369.0,66.8501718044281,20000.0,117.0,7871.415575265884,2340000.0,299.176493644781,2340000.0
1.0,0.009563635,-0.054806452,80.0,2.4087536,130.44057,1.8490417,-0.0116585735,-1.9204972,5000,0.5398528,1000,1000.0,1000,5,0.0,1917.4405131489038,1681.1473151937128,924.2978483587503,5,379.39569147631516,1.681036,0.01723036,-1.9897144,20000,0.45455745,1000,1000.0,1000,20,0.0,1945.6938736774027,1242.4921992368413,931.7308422960341,20,422.2716259571138,2389.0,67.14754676818848,20000.0,118.0,7938.649847984314,2360000.0,297.85153684088294,2360000.0
1.0,0.0096558435,-0.04935203,80.0,2.512826,148.07661,1.6797748,0.015105437,-1.8552518,5000,0.41968387,1000,1000.0,1000,5,0.0,1925.123588949442,1149.8452201664447,923.9412618279457,5,388.0631284538129,1.7298573,0.0004826684,-1.8950408,20000,0.49142295,1000,1000.0,1000,20,0.0,1970.2084563300014,1449.4366219758056,924.1110354363918,20,448.3283042881374,2409.0,66.58004260063171,20000.0,119.0,8005.283408880234,2380000.0,300.3903154578372,2380000.0
1.0,0.009562869,-0.053061448,80.0,2.6604676,149.9977,1.6926572,0.0064520827,-1.7617967,5000,0.5037453,1000,1000.0,1000,5,0.0,1967.6979602873325,1550.0616759959607,963.714677810669,5,476.36434263965594,1.7148552,-0.000120496465,-1.9251065,20000,0.4609876,1000,1000.0,1000,20,0.0,1996.5251974612474,1378.4357252221089,936.9026844184846,20,461.563938226109,2429.0,65.49844121932983,20000.0,120.0,8070.834181070328,2400000.0,305.3507782426068,2400000.0
1.0,0.009658602,-0.053958975,80.0,1.8176929,115.77587,2.048716,0.00836624,-1.818208,5000,0.54421395,1000,1000.0,1000,5,0.0,1859.3432630598545,1522.4220566011966,944.4090345650911,5,334.30708559020417,1.7946682,0.011395744,-1.8502419,20000,0.42397842,1000,1000.0,1000,20,0.0,1973.0275326743722,1167.791649820283,924.8719890695065,20,360.0701303608866,2449.0,66.2840564250946,20000.0,121.0,8137.170710325241,2420000.0,301.73168449039224,2420000.0
1.0,0.0096423365,-0.05681634,80.0,4.418729,145.08223,1.7599521,0.039856043,-1.8049911,5000,0.43715793,1000,1000.0,1000,5,0.0,1811.5989691317081,1168.5783191045746,936.237643301487,5,331.62917896556064,1.7247444,0.012777007,-1.8354537,20000,0.4863157,1000,1000.0,1000,20,0.0,1919.724320486188,1403.914052268397,944.3006155304611,20,385.9809787907842,2469.0,66.40347242355347,20000.0,122.0,8203.626596450806,2440000.0,301.1890684335049,2440000.0
1.0,0.009502634,-0.063249774,80.0,3.0447946,145.70508,1.6349596,0.008005235,-1.7726152,5000,0.53414845,1000,1000.0,1000,5,0.0,1930.4217440485954,1656.1285365700721,970.5757486671209,5,357.51185077326886,1.7960442,0.0118700825,-1.842357,20000,0.47230777,1000,1000.0,1000,20,0.0,1968.9384764283895,1379.1713266834035,946.5591161996126,20,426.74633513673996,2489.0,67.23731422424316,20000.0,123.0,8270.916874885559,2460000.0,297.4538800478853,2460000.0
1.0,0.009441972,-0.08015247,80.0,2.3554037,149.09073,1.717028,-0.005475885,-1.9154773,5000,0.5443722,1000,1000.0,1000,5,0.0,1930.2878732979298,1675.8952460749074,946.8082819879055,5,370.1904402014908,1.8456967,0.0077057616,-1.9365845,20000,0.51508844,1000,1000.0,1000,20,0.0,1977.879797488451,1527.318044857448,940.6765094287694,20,426.2854211026878,2509.0,66.4768877029419,20000.0,124.0,8337.445774316788,2480000.0,300.8564433607639,2480000.0
1.0,0.009671725,-0.061269782,80.0,2.807954,168.26704,1.7412224,-0.00094587787,-1.8192997,5000,0.5376061,1000,1000.0,1000,5,0.0,1977.6460892781615,1590.5863476499915,951.8760891705751,5,360.5667737811463,1.7919631,0.003926399,-1.808143,20000,0.521944,1000,1000.0,1000,20,0.0,1986.7558290362358,1580.1480727043468,926.248194091022,20,390.3874865146143,2529.0,66.48492360115051,20000.0,125.0,8403.984699249268,2500000.0,300.8200794511239,2500000.0
1.0,0.009601725,-0.068831876,80.0,2.2185252,166.91798,1.624036,-0.002518765,-1.753308,5000,0.5053094,1000,1000.0,1000,5,0.0,1884.9828840643167,1495.9303804069757,922.3696422278881,5,461.3222648377884,2.0240397,0.000856371,-1.8304412,20000,0.52384675,1000,1000.0,1000,20,0.0,1990.3877507597208,1648.521014246205,940.999602207914,20,414.8206821074497,2549.0,66.43809247016907,20000.0,126.0,8470.477717638016,2520000.0,301.032122633263,2520000.0
1.0,0.009577948,-0.28265625,80.0,2.5571537,153.59244,1.6408371,-0.010659363,-1.8913417,5000,0.5354911,1000,1000.0,1000,5,0.0,1906.3257984668016,1624.8703207090498,954.0147175788879,5,358.944595594364,1.7878163,-0.0026946384,-1.7598593,20000,0.5034317,1000,1000.0,1000,20,0.0,1982.6707256808877,1504.6468847215117,908.424333781004,20,461.15819672962914,2569.0,66.48011517524719,20000.0,127.0,8537.009813070297,2540000.0,300.84183740173,2540000.0
1.0,0.009626572,-0.05389731,80.0,2.067174,160.77899,1.6579005,-0.0045114756,-1.7441406,5000,0.46235254,1000,1000.0,1000,5,0.0,2040.1056221351027,1318.7785289881751,931.3152437731624,5,477.05816192390387,1.7089037,0.0017857064,-2.0215,20000,0.51258725,1000,1000.0,1000,20,0.0,1939.735733896494,1539.4699047987233,914.929492726922,20,441.43330520766955,2589.0,66.54577326774597,20000.0,128.0,8603.608791351318,2560000.0,300.54500861430046,2560000.0
1.0,0.009666447,-0.051000398,80.0,2.3629546,154.26999,1.8513074,0.014945078,-1.8371385,5000,0.44629976,1000,1000.0,1000,5,0.0,1908.7234776616096,1245.9583731502294,871.8242164552212,5,412.6782076715349,1.7861903,0.01008366,-1.8822131,20000,0.47814983,1000,1000.0,1000,20,0.0,2021.9852191731334,1419.2802669595026,885.560799613595,20,500.52306119501856,2609.0,65.64352107048035,20000.0,129.0,8669.304822444916,2580000.0,304.6759173464558,2580000.0
1.0,0.009621363,-0.055591356,80.0,3.3365197,156.11162,1.8297215,0.025063941,-1.5965549,5000,0.38839072,1000,1000.0,1000,5,0.0,1925.2774130105972,1147.4288621589542,901.7572626173496,5,389.83290069327785,1.665417,0.0010314208,-1.8831668,20000,0.52140427,1000,1000.0,1000,20,0.0,2000.9697118103504,1567.627166838199,921.7737660109997,20,421.0163047822705,2629.0,66.54485869407654,20000.0,130.0,8735.902274370193,2600000.0,300.54913921968085,2600000.0
1.0,0.009570839,-0.10292357,80.0,2.2659085,174.64104,1.7668808,-0.0037263373,-1.7441847,5000,0.5307495,1000,1000.0,1000,5,0.0,1952.4770249724388,1660.2589436881244,942.3016524985433,5,387.53920589321535,1.9338111,-0.001142403,-1.8087649,20000,0.53547436,1000,1000.0,1000,20,0.0,2051.5335922390223,1713.422876831144,877.8687618896365,20,400.59626281842424,2649.0,66.19742131233215,20000.0,131.0,8802.153051376343,2620000.0,302.12657235749646,2620000.0
1.0,0.009661699,-0.061411224,80.0,3.1488504,167.35614,1.6708314,-0.001315291,-1.6867901,5000,0.5026326,1000,1000.0,1000,5,0.0,2033.589513540268,1559.5985298603773,911.1728683114052,5,528.1884949821184,1.8039331,-0.0031661165,-1.8069799,20000,0.53296375,1000,1000.0,1000,20,0.0,2037.9380934983492,1664.9663204950048,865.1575715690851,20,409.814057965097,2669.0,66.61522698402405,20000.0,132.0,8868.81935095787,2640000.0,300.23165731757524,2640000.0
1.0,0.009543007,-0.06325053,80.0,1.815868,166.208,1.5941684,0.0061227,-1.7861586,5000,0.4981791,1000,1000.0,1000,5,0.0,2069.1379606872797,1556.9008252535016,913.7135515511036,5,525.6936830197433,1.8371358,0.0060660075,-1.7357976,20000,0.5156786,1000,1000.0,1000,20,0.0,2070.1541752666235,1608.2939111323096,888.771837964654,20,501.34506897331426,2689.0,67.39451956748962,20000.0,133.0,8936.266449928284,2660000.0,296.7600352128303,2660000.0
1.0,0.009703106,-0.054121684,80.0,1.9485358,157.12625,1.6947294,0.0018001476,-1.8767405,5000,0.5325254,1000,1000.0,1000,5,0.0,2028.8640955984592,1528.912715807557,908.626649543643,5,404.8339314800102,1.8134185,0.0004529622,-1.9237845,20000,0.48909953,1000,1000.0,1000,20,0.0,2039.1127922087908,1471.887687476538,907.6310616880655,20,512.1708931246334,2709.0,67.26692843437195,20000.0,134.0,9003.588449716568,2680000.0,297.32292622090995,2680000.0
1.0,0.009574242,-0.06648592,80.0,3.3563397,149.78868,1.6366607,0.012245366,-1.6926847,5000,0.5015244,1000,1000.0,1000,5,0.0,2040.3178922981024,1534.3187286189059,906.7049435824156,5,516.6170457456083,1.7373962,0.0015398547,-1.8731194,20000,0.5088734,1000,1000.0,1000,20,0.0,2065.798324596137,1469.8440491177607,880.8197814449668,20,513.1988510099882,2729.0,66.74055910110474,20000.0,135.0,9070.38261771202,2700000.0,299.6678521931793,2700000.0
1.0,0.009508068,-0.059790723,80.0,3.284861,169.07079,1.6935759,-0.0035360476,-1.767102,5000,0.49180767,1000,1000.0,1000,5,0.0,1917.7427342385054,1367.6124799892307,905.9650447890162,5,456.41287704340226,1.7803657,-0.0014859644,-1.7549182,20000,0.5248104,1000,1000.0,1000,20,0.0,2080.8544463813305,1633.8585936411632,911.5633136704564,20,467.3716259163861,2749.0,66.51195788383484,20000.0,136.0,9136.986145734787,2720000.0,300.69780888018073,2720000.0
1.0,0.009643079,-0.060974717,80.0,2.4954152,164.95697,1.6267166,-0.010207869,-1.7753274,5000,0.5208873,1000,1000.0,1000,5,0.0,2095.9301058501005,1548.3166263841092,919.8689621537924,5,496.4101924330584,1.7401174,-0.0025539366,-1.8358192,20000,0.5061132,1000,1000.0,1000,20,0.0,2082.022548556328,1508.6851352811268,884.3634833120741,20,492.43374075545296,2769.0,66.41936206817627,20000.0,137.0,9203.46029639244,2740000.0,301.1170143349309,2740000.0
1.0,0.0096408315,-0.6472193,80.0,1.5258789,151.01564,1.682987,-0.0035390728,-1.706313,5000,0.5488774,1000,1000.0,1000,5,0.0,2093.895656183362,1833.1714023515583,922.9222493395209,5,455.5794691798028,1.803427,0.006757489,-1.7815459,20000,0.48130858,1000,1000.0,1000,20,0.0,2059.3353686481714,1470.4212588377297,872.532377757132,20,545.5057853674565,2789.0,67.36005306243896,20000.0,138.0,9270.872964859009,2760000.0,296.91188012368593,2760000.0
1.0,0.009682241,-0.0554066,80.0,3.0547063,148.58688,1.7541561,0.011638095,-1.7094681,5000,0.4698092,1000,1000.0,1000,5,0.0,2086.5540522038937,1383.473624099046,895.5021402537823,5,558.1538377917105,1.7652621,0.003093816,-1.8046865,20000,0.50602955,1000,1000.0,1000,20,0.0,2099.544739037752,1523.3865450670942,855.6511816903949,20,492.41723617244963,2809.0,66.50477981567383,20000.0,139.0,9337.477640151978,2780000.0,300.7302641318783,2780000.0
1.0,0.009617694,-0.04780044,80.0,2.6340857,172.3409,1.6987841,-0.020016614,-1.7373952,5000,0.51732606,1000,1000.0,1000,5,0.0,2092.005784317851,1598.674217930436,954.6204036921263,5,520.0358234376638,1.8895432,-0.008297992,-1.8719733,20000,0.5374833,1000,1000.0,1000,20,0.0,2103.487939737737,1723.2215076517314,881.612152736634,20,466.3632570619517,2829.0,66.41962385177612,20000.0,140.0,9403.950398683548,2800000.0,301.11582752459657,2800000.0
1.0,0.009608808,-0.052437473,80.0,4.0529227,159.58617,1.6453738,-0.02034173,-1.7931507,5000,0.5892801,1000,1000.0,1000,5,0.0,2102.8381335139275,2086.0034676592795,2053.259599350393,5,17.35276846982917,1.9113902,-0.019518115,-1.9201221,20000,0.5115908,1000,1000.0,1000,20,0.0,2096.8343914225698,1490.2534038598255,891.8921574503183,20,494.4125650919388,2849.0,66.64580965042114,20000.0,141.0,9470.649840831757,2820000.0,300.0938859458153,2820000.0
1.0,0.009720627,-0.05188123,80.0,2.6098707,172.52086,1.7081378,-0.011060016,-1.8999531,5000,0.55730945,1000,1000.0,1000,5,0.0,2101.3332028463483,1811.1240168467164,937.023829087615,5,441.9992104145164,2.002266,-0.0050741937,-1.8186266,20000,0.53537387,1000,1000.0,1000,20,0.0,2125.700945958495,1656.9704234021017,877.942168995738,20,509.7741179320223,2869.0,66.57473587989807,20000.0,142.0,9537.277831792831,2840000.0,300.41425978888344,2840000.0
1.0,0.00963884,-0.0479879,80.0,2.9577422,174.27527,1.7020489,-0.0038468735,-1.7869376,5000,0.49318078,1000,1000.0,1000,5,0.0,2049.7818142641336,1369.7830552581697,848.5369642600417,5,554.8409850469224,1.8108218,-0.006806427,-1.8882858,20000,0.53970456,1000,1000.0,1000,20,0.0,2142.268992714584,1670.4341087201028,884.949111847207,20,505.6296076729155,2889.0,66.28939056396484,20000.0,143.0,9603.620202541351,2860000.0,301.7074049082007,2860000.0
1.2,0.00903651,-0.06355977,80.0,2.7729406,155.25978,1.6903775,-0.0063630454,-1.7538383,5000,0.5497017,1000,1000.0,1000,5,0.0,2077.0644089877605,1811.3944310640916,999.0663798451424,5,408.8462218169701,1.730061,-0.001273416,-1.7888256,20000,0.49923894,1000,1000.0,1000,20,0.0,2130.079399615526,1475.336248708528,883.5662593618035,20,565.3075486416011,2909.0,67.01989889144897,20000.0,144.0,9670.6976313591,2880000.0,298.4188327767201,2880000.0
1.0,0.0096344035,-0.0568749,80.0,2.8156054,149.50385,1.6939445,0.0122672655,-1.7365525,5000,0.5032993,1000,1000.0,1000,5,0.0,2081.5626301839948,1441.149824114144,954.188936419785,5,500.3767468204289,1.7833337,-0.0032637634,-1.8837116,20000,0.47871974,1000,1000.0,1000,20,0.0,2131.035557806492,1416.3047420505434,871.513721421361,20,529.4458809485699,2929.0,67.21578812599182,20000.0,145.0,9737.96570801735,2900000.0,297.54914072436736,2900000.0
1.0,0.009447351,-0.10365223,80.0,2.4922519,159.19781,1.7702289,-0.018201452,-1.7602239,5000,0.5865531,1000,1000.0,1000,5,0.0,2090.38309205696,2042.7492320802062,1972.4383500758559,5,43.459307077598254,1.7324442,-0.005449498,-1.7693138,20000,0.50146276,1000,1000.0,1000,20,0.0,2127.8169421628118,1523.8169622766727,897.9705401714891,20,540.5023675417306,2949.0,66.75539493560791,20000.0,146.0,9804.776676416397,2920000.0,299.60125349107665,2920000.0
1.0,0.009663649,-0.09845865,80.0,3.557364,164.96626,1.6497421,-0.00064693525,-1.7426226,5000,0.5490724,1000,1000.0,1000,5,0.0,2072.1144072934985,1730.5522932747378,966.3872209489346,5,391.85998236838407,1.6940556,-0.0064395475,-1.8712956,20000,0.5216256,1000,1000.0,1000,20,0.0,2129.89245711267,1567.9152704672729,880.3868613541126,20,513.134336655324,2969.0,66.77854418754578,20000.0,147.0,9871.60797739029,2940000.0,299.49739460971966,2940000.0
1.0,0.009613971,-0.05116099,80.0,3.777836,188.37372,1.6406406,0.010181782,-1.6802374,5000,0.46055624,1000,1000.0,1000,5,0.0,1993.5344113260508,1341.5126169122755,909.5688955709338,5,505.45398075676445,1.8020175,-0.016731752,-1.8218999,20000,0.57348996,1000,1000.0,1000,20,0.0,2136.6663057832047,1917.1185322956997,950.483389891684,20,327.66087473857186,2989.0,66.84074234962463,20000.0,148.0,9938.503272533417,2960000.0,299.2186995079404,2960000.0
1.0,0.009664646,-0.05558162,80.0,4.059904,176.34201,1.7445614,-0.019469323,-1.6048858,5000,0.5150621,1000,1000.0,1000,5,0.0,2146.258535295725,1578.9469120979309,918.1662799865007,5,524.3645499333726,1.696485,-0.0101162875,-1.8691266,20000,0.5389653,1000,1000.0,1000,20,0.0,2177.428309700452,1696.6087521695765,887.4320575892925,20,525.4193959458116,3009.0,67.28407597541809,20000.0,149.0,10005.83977341652,2980000.0,297.247152614638,2980000.0
1.2,0.009034452,-0.20612764,80.0,3.1661468,190.0584,1.6763045,-0.024542298,-1.8893881,5000,0.55276096,1000,1000.0,1000,5,0.0,2152.5425339639187,1846.9295784272254,885.915403123945,5,482.5495904767924,1.7777328,-0.0018195076,-1.9873638,20000,0.54319686,1000,1000.0,1000,20,0.0,2150.243120416999,1777.8672564665671,888.3583582751453,20,493.15551628748716,3029.0,66.99407005310059,20000.0,150.0,10072.88764834404,3000000.0,298.5338849266461,3000000.0
1.0,0.009709561,-0.045406535,80.0,2.4780529,162.01257,1.6582793,0.01686194,-1.6444724,5000,0.51248723,1000,1000.0,1000,5,0.0,2146.32830747962,1616.2185022143647,913.5691706985235,5,563.7486769917464,1.721461,-0.0012764949,-1.8075974,20000,0.5044239,1000,1000.0,1000,20,0.0,2176.308429159224,1565.641352304537,865.9296782612801,20,588.7534001501217,3049.0,67.89468598365784,20000.0,151.0,10140.838040351868,3020000.0,294.5738640696265,3020000.0
1.0,0.009589428,-0.05667585,80.0,2.2258253,164.42795,1.5830197,0.0038480859,-1.7623576,5000,0.48487946,1000,1000.0,1000,5,0.0,2163.9562766849995,1397.0607748430223,889.6042877268046,5,598.8410051842515,1.7416811,-0.007887383,-1.8298421,20000,0.5240182,1000,1000.0,1000,20,0.0,2180.361096099019,1611.2160641655107,853.8313425723463,20,586.4877400100373,3069.0,67.0367910861969,20000.0,152.0,10207.928591966629,3040000.0,298.3436360234443,3040000.0
1.0,0.009566447,-0.048263513,80.0,2.3200405,170.51044,1.6970603,-0.00296446,-1.6617088,5000,0.51974124,1000,1000.0,1000,5,0.0,2156.0200056862086,1647.0402442310005,871.8492652997375,5,621.6272534414653,1.8792536,0.00032904482,-1.8272958,20000,0.5254069,1000,1000.0,1000,20,0.0,2207.921033980325,1658.3145995949394,857.891088694334,20,575.2018343146683,3089.0,66.93169903755188,20000.0,153.0,10274.919465065002,3060000.0,298.81207690214234,3060000.0
1.0,0.009667126,-0.05114791,80.0,2.7198422,172.51079,1.7246368,-0.02359791,-1.7807264,5000,0.59355694,1000,1000.0,1000,5,0.0,2135.2584734410048,2084.06336106509,1962.4284088686109,5,63.654210862869235,1.764617,0.0027970308,-1.995568,20000,0.52893746,1000,1000.0,1000,20,0.0,2180.34463349171,1646.5452277163276,828.368380382657,20,530.0340700320007,3109.0,66.2224645614624,20000.0,154.0,10341.19571518898,3080000.0,302.0123176091943,3080000.0
1.2,0.009081474,-0.05672217,80.0,1.9231488,179.4712,1.6344465,-0.008679763,-1.8276839,5000,0.51916796,1000,1000.0,1000,5,0.0,2093.7553008273244,1598.0482218325137,885.0199679285288,5,565.370184419697,1.745553,-0.01474549,-1.8040853,20000,0.5354003,1000,1000.0,1000,20,0.0,2192.4595204982907,1696.355786731746,910.5242868298665,20,572.0313732454276,3129.0,67.37915062904358,20000.0,155.0,10408.628138065338,3100000.0,296.8277250942231,3100000.0
1.0,0.009550738,-0.057244577,80.0,2.3017929,152.38002,1.6644564,-0.0071505904,-1.8881235,5000,0.48760667,1000,1000.0,1000,5,0.0,2147.572315700352,1371.3986482794396,889.1084758937359,5,554.9439823713898,1.8699113,-0.0045826025,-1.8548751,20000,0.5087136,1000,1000.0,1000,20,0.0,2210.9096976295114,1495.4972995160176,891.7733386419713,20,577.3940575845193,3149.0,66.9693992137909,20000.0,156.0,10475.650373220444,3120000.0,298.6438617457604,3120000.0
1.0,0.009606359,-0.053282727,80.0,2.556088,176.83377,1.7352426,0.016804943,-1.6044881,5000,0.4699525,1000,1000.0,1000,5,0.0,2172.43324124068,1416.5476164191962,903.8402514308691,5,610.2363147655714,1.6724601,-0.008075926,-1.8474789,20000,0.5330983,1000,1000.0,1000,20,0.0,2241.540572296828,1723.1650135835923,887.1444110050797,20,539.9542992866149,3169.0,66.85737729072571,20000.0,157.0,10542.564491510391,3140000.0,299.1442502004091,3140000.0
1.0,0.009710285,-0.047433455,80.0,3.1056843,164.1923,1.7116411,-0.024169164,-1.8792002,5000,0.5618984,1000,1000.0,1000,5,0.0,2166.0871910750866,1833.5055773148313,946.8082854980603,5,455.38696309004223,1.8128948,-0.019111244,-1.9098104,20000,0.51759297,1000,1000.0,1000,20,0.0,2210.011812247336,1599.916090844362,844.4940313994884,20,544.9153746053059,3189.0,66.9551682472229,20000.0,158.0,10609.573875904083,3160000.0,298.7073369176328,3160000.0
1.0,0.009647796,-0.06443093,80.0,4.697554,153.7933,1.726071,-0.01411894,-1.8106682,5000,0.5356863,1000,1000.0,1000,5,0.0,2169.4236976206303,1571.9793842727317,896.3328182520345,5,554.5371852276513,1.7084388,-0.007488051,-1.8270855,20000,0.48861,1000,1000.0,1000,20,0.0,2225.8429288975894,1416.3017879859603,872.319404155016,20,574.3649926352765,3209.0,67.23852753639221,20000.0,159.0,10676.866419553757,3180000.0,297.4485125239423,3180000.0
1.0,0.009672171,-0.058482625,80.0,3.8007042,182.89514,1.5581384,-0.024042154,-1.6694875,5000,0.46785253,1000,1000.0,1000,5,0.0,2188.7430691197515,1403.0058533684582,871.7210571542382,5,625.2189370091531,1.764221,-0.0118505405,-1.8820417,20000,0.55193955,1000,1000.0,1000,20,0.0,2241.270147614181,1823.875391421374,900.2977920630947,20,515.6665917653007,3229.0,67.01795315742493,20000.0,160.0,10743.93909406662,3200000.0,298.42749677866277,3200000.0
1.0,0.009621775,-0.046906274,80.0,3.586044,176.10478,1.7477686,-0.021831524,-1.8301105,5000,0.5583006,1000,1000.0,1000,5,0.0,2152.6791376173496,1747.273006654205,894.7181168608367,5,480.20609539629993,1.8489386,-0.014272979,-1.7597349,20000,0.5276329,1000,1000.0,1000,20,0.0,2209.387537419796,1690.888870336744,845.0174953378737,20,564.7242411962729,3249.0,67.2090973854065,20000.0,161.0,10811.204239606857,3220000.0,297.57876207310466,3220000.0
1.0,0.0096693365,-0.051631402,80.0,2.2226832,187.85329,1.7067404,0.004113519,-1.7536304,5000,0.45134455,1000,1000.0,1000,5,0.0,2113.6336037032306,1361.3001942254602,817.078285807278,5,584.3445341169758,1.7878124,-0.012317239,-1.7913191,20000,0.54118884,1000,1000.0,1000,20,0.0,2249.25188260898,1818.7165222468552,872.5397954722866,20,548.1915248049934,3269.0,66.96475601196289,20000.0,162.0,10878.224372625351,3240000.0,298.6645691119536,3240000.0
1.0,0.009502212,-0.061780494,80.0,2.9299746,186.91223,1.7828841,-0.017709421,-1.7255273,5000,0.5907937,1000,1000.0,1000,5,0.0,2185.663689956069,2096.8814820814177,2018.199041891843,5,57.34043368013994,1.6284398,-0.0039185476,-1.7473276,20000,0.526712,1000,1000.0,1000,20,0.0,2203.9135125046596,1738.282049737579,773.5039002597332,20,568.0907932862417,3289.0,66.74819374084473,20000.0,163.0,10945.026204586029,3260000.0,299.6335762680204,3260000.0
1.0,0.009657589,-0.0518476,80.0,4.089276,173.82074,1.6897573,-0.015254145,-1.6204025,5000,0.54711837,1000,1000.0,1000,5,0.0,2153.095271302387,1834.51029804321,902.0736689353362,5,472.87168991339803,1.8379561,-0.0154747395,-1.8420565,20000,0.53451264,1000,1000.0,1000,20,0.0,2217.03066499345,1761.951957102277,792.7240328434855,20,532.9004628992445,3309.0,67.04616141319275,20000.0,164.0,11012.12775850296,3280000.0,298.3019397149943,3280000.0
1.0,0.009691017,-0.06203989,80.0,4.284068,192.52533,1.6684275,-0.01721799,-1.6619923,5000,0.55000037,1000,1000.0,1000,5,0.0,2227.6797267459333,1872.0718255074694,844.5482915453613,5,518.6293619966409,1.8129218,-0.02059514,-1.7747481,20000,0.5495085,1000,1000.0,1000,20,0.0,2241.301943762228,1833.2861091040686,790.1045146016404,20,512.0049073454352,3329.0,67.09545254707336,20000.0,165.0,11079.277307271957,3300000.0,298.0827945972678,3300000.0
1.0,0.009657269,-0.055414714,80.0,3.334323,192.24527,1.6963303,-0.017457036,-1.753556,5000,0.5584293,1000,1000.0,1000,5,0.0,2196.0799724301323,1889.8886584734544,877.72860397771,5,508.1560128916028,1.7123095,-0.016527865,-1.8884985,20000,0.5548394,1000,1000.0,1000,20,0.0,2233.936016909778,1845.3370412888412,827.256202340126,20,510.23401901905726,3349.0,66.94759607315063,20000.0,166.0,11146.279991388321,3320000.0,298.7411225064287,3320000.0
1.0,0.009592101,-0.05346921,80.0,4.000704,206.34273,1.605724,-0.02675094,-1.656435,5000,0.5937888,1000,1000.0,1000,5,0.0,2171.6005067704245,2069.577539474331,1846.9744425835088,5,117.24698197084373,1.7572415,-0.022496836,-1.8765162,20000,0.56834084,1000,1000.0,1000,20,0.0,2196.750685583538,1920.3171233014334,840.297547388589,20,411.08300254619576,3369.0,66.67705631256104,20000.0,167.0,11213.01117181778,3340000.0,299.95325387861004,3340000.0
1.0,0.009695944,-0.06298889,80.0,3.6068368,182.93008,1.5926003,-0.009322482,-1.8001224,5000,0.5461998,1000,1000.0,1000,5,0.0,2117.6339243855327,1707.3672489231917,881.7662501484156,5,486.655427899492,1.7090063,-0.013205636,-1.7423576,20000,0.5336708,1000,1000.0,1000,20,0.0,2230.15377844905,1785.3673455649725,826.2152666654438,20,537.6971584701673,3389.0,66.7180426120758,20000.0,168.0,11279.782328128815,3360000.0,299.7689862738876,3360000.0
1.0,0.00967874,-0.052226074,80.0,4.114731,181.86368,1.7129561,-0.045611702,-1.740977,5000,0.51618826,1000,1000.0,1000,5,0.0,2235.460790658137,1654.4356249938253,786.3991013062187,5,677.7570746469905,1.643793,-0.020800907,-1.8147624,20000,0.541102,1000,1000.0,1000,20,0.0,2235.5656627467833,1730.7083155614207,824.1693208385259,20,547.6468587880217,3409.0,67.38933253288269,20000.0,169.0,11347.226449728012,3380000.0,296.78287717482556,3380000.0
1.0,0.009623887,-0.05294733,80.0,3.6249256,178.89252,1.5813322,-0.004089031,-1.690974,5000,0.5206123,1000,1000.0,1000,5,0.0,2218.92805605568,1637.77081696284,881.6136368773878,5,582.1259799248344,1.7605383,-0.017455962,-1.8367492,20000,0.52447873,1000,1000.0,1000,20,0.0,2252.2911210972816,1709.401451946178,803.7652719393373,20,562.7183264362698,3429.0,66.833336353302,20000.0,170.0,11414.150348901749,3400000.0,299.25185680202645,3400000.0
1.0,0.00957822,-0.070840895,80.0,2.910851,181.37357,1.7063353,-0.024607493,-1.7741414,5000,0.55096877,1000,1000.0,1000,5,0.0,2214.1797029859736,1861.448885110009,791.3189170900732,5,537.61101208374,1.6741922,-0.014158847,-1.8316327,20000,0.50479746,1000,1000.0,1000,20,0.0,2245.087901590392,1646.9427772187978,827.8930851314217,20,585.3270476329349,3449.0,65.88796424865723,20000.0,171.0,11480.092022180557,3420000.0,303.54557509959176,3420000.0
1.0,0.009665249,-0.045600187,80.0,3.0050476,148.98906,1.6743474,-0.018674113,-1.7072424,5000,0.5482802,1000,1000.0,1000,5,0.0,2216.6765729123726,1896.7221787522546,818.8346797702834,5,539.8778191156885,1.8486247,-0.008492527,-1.8575981,20000,0.49143064,1000,1000.0,1000,20,0.0,2236.7906063757837,1453.3882624197722,784.7869157362729,20,576.5780108919272,3469.0,67.11750674247742,20000.0,172.0,11547.2631149292,3440000.0,297.9848473325719,3440000.0
1.0,0.009663317,-0.053156495,80.0,3.3484223,172.66904,1.7236413,-0.019578096,-1.710887,5000,0.5076925,1000,1000.0,1000,5,0.0,2215.9091975837946,1569.1739612623583,805.8748983070254,5,623.4049561426641,1.7238147,-0.029352976,-1.8263351,20000,0.5396183,1000,1000.0,1000,20,0.0,2200.039102613926,1750.0621742547141,831.5737949297763,20,534.4002402908422,3489.0,66.6022937297821,20000.0,173.0,11613.918864011765,3460000.0,300.28995819789213,3460000.0
1.0,0.009641701,-0.05518379,80.0,4.5272875,184.86403,1.6442611,-0.028705161,-1.7032158,5000,0.5507472,1000,1000.0,1000,5,0.0,2220.3345969263464,1839.5565433938523,850.8789495043457,5,516.9109313343243,1.8573604,-0.018956468,-1.7989223,20000,0.53048575,1000,1000.0,1000,20,0.0,2266.4303305596113,1692.6462579344109,789.947377659264,20,575.7409942967175,3509.0,67.30080890655518,20000.0,174.0,11681.275734424591,3480000.0,297.173248359753,3480000.0
1.0,0.009624424,-0.048963808,80.0,3.4604707,180.9275,1.9063566,-0.0223021,-1.7800786,5000,0.5242014,1000,1000.0,1000,5,0.0,2165.591195818037,1589.963939739007,798.4500446915627,5,577.8732880022803,1.7284554,-0.022844495,-1.9040761,20000,0.54025775,1000,1000.0,1000,20,0.0,2237.142648216337,1815.6063256663504,824.1960220020264,20,549.5863649829784,3529.0,66.5514657497406,20000.0,175.0,11747.881663560867,3500000.0,300.519301486278,3500000.0
1.0,0.009671115,-0.0699193,80.0,3.109864,180.50137,1.6301975,-0.019769872,-1.7461271,5000,0.5526938,1000,1000.0,1000,5,0.0,2249.106033399701,1930.8901622808073,914.5221345573664,5,511.2738739382985,1.7841048,-0.013103818,-1.6968176,20000,0.5235138,1000,1000.0,1000,20,0.0,2240.0385723896325,1737.8127034344136,785.9814024865627,20,569.0864406445859,3549.0,67.19343113899231,20000.0,176.0,11815.130351781845,3520000.0,297.648142995246,3520000.0
1.0,0.009699297,-0.04555212,80.0,2.4632092,180.66002,1.5813599,-0.030512393,-1.6409663,5000,0.5486413,1000,1000.0,1000,5,0.0,2241.926163908094,1840.8749566783197,844.4026069929823,5,504.49114786700574,1.717242,-0.018358666,-1.718782,20000,0.50975955,1000,1000.0,1000,20,0.0,2245.429244108498,1684.7645713861275,795.3967190310359,20,609.2425941319214,3569.0,67.27248430252075,20000.0,177.0,11882.457506656647,3540000.0,297.29837105555777,3540000.0
1.0,0.009644927,-0.050456654,80.0,2.7899969,178.59126,1.5424889,-0.018255036,-1.850818,5000,0.5012071,1000,1000.0,1000,5,0.0,2229.9827651120722,1637.0915923721157,796.6578941270709,5,634.235274934786,1.7128645,-0.016011123,-1.7573812,20000,0.52343386,1000,1000.0,1000,20,0.0,2274.0484743639827,1735.504234602116,793.0290979407728,20,595.8172864513139,3589.0,66.74642157554626,20000.0,178.0,11949.263508796692,3560000.0,299.64153175407614,3560000.0
1.0,0.009722476,-0.046833437,80.0,2.7974806,186.1978,1.703124,-0.014402092,-1.5875888,5000,0.5052197,1000,1000.0,1000,5,0.0,2208.409727970138,1611.1067044634372,813.5152990110219,5,617.3675991925779,1.7102613,-0.028644448,-1.8447003,20000,0.5388113,1000,1000.0,1000,20,0.0,2229.5513059380464,1766.3512872452352,761.947850569617,20,542.419782948131,3609.0,67.08523082733154,20000.0,179.0,12016.401557683945,3580000.0,298.12821321994613,3580000.0
1.0,0.009698743,-0.05118573,80.0,3.5716271,188.24066,1.7604363,-0.02276274,-1.7087147,5000,0.5867609,1000,1000.0,1000,5,0.0,2214.350042147562,2083.479288774915,1794.760459765792,5,148.70204297383324,1.8619754,-0.025810633,-1.8156452,20000,0.52384883,1000,1000.0,1000,20,0.0,2240.5547496899962,1759.6954625914573,770.9690478555858,20,549.6080564976437,3629.0,66.4261703491211,20000.0,180.0,12082.884862661362,3600000.0,301.0861516610768,3600000.0
1.0,0.009774322,-0.04623359,80.0,3.1248627,176.35011,1.7471206,0.0068214796,-1.8173115,5000,0.5026795,1000,1000.0,1000,5,0.0,2216.924130661413,1646.998878042726,899.227089991793,5,604.2142869586805,1.6665447,-0.02229474,-1.861417,20000,0.5210705,1000,1000.0,1000,20,0.0,2230.0716587118804,1696.8699120966253,805.1096683256328,20,594.6855415182407,3649.0,66.5634081363678,20000.0,181.0,12149.5069937706,3620000.0,300.46538420968767,3620000.0
1.0,0.009686534,-0.05160314,80.0,3.2393255,171.95348,1.5726515,-0.008227491,-1.7155607,5000,0.48089874,1000,1000.0,1000,5,0.0,2210.8724050447345,1534.0977424893529,848.1332924813032,5,551.1159603994871,1.760952,-0.012552022,-1.92835,20000,0.5112515,1000,1000.0,1000,20,0.0,2242.7659456543624,1702.4706800600572,816.5915526375175,20,617.6029574084477,3669.0,66.9830276966095,20000.0,182.0,12216.543451070786,3640000.0,298.5830991484481,3640000.0
1.0,0.009632617,-0.05300594,80.0,3.0924637,197.25,1.6590499,-0.009857067,-1.7445376,5000,0.46664846,1000,1000.0,1000,5,0.0,2289.475728549063,1441.6350842295215,852.4183965325356,5,678.7927244182682,1.7145369,-0.021046773,-1.796334,20000,0.54734176,1000,1000.0,1000,20,0.0,2296.785943066003,1900.0579190257588,860.5440220657038,20,504.82446669803517,3689.0,67.45191311836243,20000.0,183.0,12284.049146413803,3660000.0,296.50752773912654,3660000.0
1.0,0.009722344,-0.049034275,80.0,5.2219086,199.14006,1.6401882,-0.028619546,-1.7281376,5000,0.54124737,1000,1000.0,1000,5,0.0,2183.6928908601403,1841.7789064561948,827.1868075495586,5,509.94311196191563,1.8643043,-0.02486704,-1.8555607,20000,0.5437175,1000,1000.0,1000,20,0.0,2296.510086365044,1878.80682398692,860.6608341695974,20,507.9509923731458,3709.0,66.16217875480652,20000.0,184.0,12350.264224290848,3680000.0,302.2875058894134,3680000.0
1.0,0.00970464,-0.05176889,80.0,4.490451,175.57826,1.6945782,-0.02643001,-1.7199824,5000,0.5526817,1000,1000.0,1000,5,0.0,2300.7025540712057,1948.6866430655004,932.8123981166282,5,517.3558134401435,1.7300382,-0.02200339,-1.8586731,20000,0.51273537,1000,1000.0,1000,20,0.0,2276.264203821309,1646.6055828235899,752.5185932898894,20,601.0580272266343,3729.0,68.99393677711487,20000.0,185.0,12419.312251091003,3700000.0,289.8805450776068,3700000.0
1.0,0.00971196,-0.059976775,80.0,4.804241,185.92592,1.6262679,-0.034706566,-1.65947,5000,0.58640814,1000,1000.0,1000,5,0.0,2270.5051600411534,2075.0132158733904,1529.4436311349273,5,278.8542699450743,1.6743668,-0.018920088,-1.7198166,20000,0.5390866,1000,1000.0,1000,20,0.0,2238.410432317294,1758.2091122462539,757.4653848279268,20,548.8129947853645,3749.0,66.57262325286865,20000.0,186.0,12485.93771481514,3720000.0,300.42379318646107,3720000.0
1.0,0.009758021,-0.06549015,80.0,3.9066925,183.1956,1.7368767,-0.02702223,-1.6750691,5000,0.5450798,1000,1000.0,1000,5,0.0,2304.103123778943,1974.2876862946898,878.495049577672,5,549.2977636003557,1.6917756,-0.014713092,-1.8121686,20000,0.5280244,1000,1000.0,1000,20,0.0,2274.449841574533,1749.4658031689228,797.4945193901658,20,590.531883140311,3769.0,66.30376696586609,20000.0,187.0,12552.295515537262,3740000.0,301.64198680138674,3740000.0
1.0,0.009720493,-0.078514785,80.0,4.98445,191.07187,1.5197247,0.005313995,-1.5265331,5000,0.43447247,1000,1000.0,1000,5,0.0,2097.4708995129913,1153.1979039176367,901.3572182278149,5,472.2075201646942,1.6887507,-0.021625515,-1.8399017,20000,0.52601624,1000,1000.0,1000,20,0.0,2299.317510502471,1751.8443213809194,754.4131734920666,20,587.8450017408215,3789.0,65.90939569473267,20000.0,188.0,12618.258051633835,3760000.0,303.44687262241666,3760000.0
1.0,0.009693189,-0.045631535,80.0,5.6742735,173.83533,1.5849597,-0.005607135,-1.7296815,5000,0.49401888,1000,1000.0,1000,5,0.0,2304.803326059133,1683.6349312385544,853.7941657714546,5,650.2968533004373,1.8125641,-0.011933165,-1.7991133,20000,0.48684147,1000,1000.0,1000,20,0.0,2285.8013569647446,1550.3759153209453,832.5249450569972,20,603.9341845906041,3809.0,66.40798902511597,20000.0,189.0,12684.71978855133,3780000.0,301.1685836840483,3780000.0
1.0,0.009754761,-0.054086328,80.0,2.6736414,174.00934,1.5328819,-0.031447887,-1.6785064,5000,0.54455906,1000,1000.0,1000,5,0.0,2261.58915077243,1892.1540956891142,906.4835978955962,5,504.53556259894253,1.6959417,-0.021094855,-1.7671367,20000,0.5194171,1000,1000.0,1000,20,0.0,2299.0379711771384,1795.2814131454331,801.9474024605006,20,614.4932868454899,3829.0,66.26251864433289,20000.0,190.0,12751.036136865616,3800000.0,301.829758499687,3800000.0
1.0,0.009656363,-0.055981256,80.0,3.5160189,204.82582,1.634506,-0.004851096,-1.6959937,5000,0.51142097,1000,1000.0,1000,5,0.0,2283.5226667411625,1659.6224456496536,862.2814316339791,5,629.7446003738631,1.5857214,-0.023931187,-1.8495677,20000,0.5578953,1000,1000.0,1000,20,0.0,2311.8438297268003,1972.7769177676469,799.4189431676641,20,435.32854933174747,3849.0,66.88118624687195,20000.0,191.0,12817.970647096634,3820000.0,299.03775818473025,3820000.0
1.0,0.009724707,-0.04851343,80.0,4.9325514,161.81216,1.5916929,-0.028259914,-1.7189611,5000,0.59411037,1000,1000.0,1000,5,0.0,2309.702662255615,2272.019185542874,2261.1083050742745,5,18.892434808705477,1.7924052,-0.025949238,-1.6757112,20000,0.4947941,1000,1000.0,1000,20,0.0,2299.4845289639197,1526.0872682549991,776.4310173243284,20,619.576092175673,3869.0,66.48910236358643,20000.0,192.0,12884.51392698288,3840000.0,300.80117326043563,3840000.0
1.0,0.00968785,-0.062288474,80.0,4.120113,180.95709,1.6607752,-0.045859147,-1.6722672,5000,0.52030087,1000,1000.0,1000,5,0.0,2186.669390177354,1611.6898583529983,827.8877065153793,5,595.3207166223269,1.5830425,-0.026205575,-1.7746167,20000,0.5210705,1000,1000.0,1000,20,0.0,2304.9611994102597,1679.150793796446,790.0228699212894,20,624.6090446303148,3889.0,66.52503395080566,20000.0,193.0,12951.092853546143,3860000.0,300.6387041424093,3860000.0
1.0,0.009706699,-0.058248203,80.0,5.036059,209.40842,1.5303409,-0.034912523,-1.6756052,5000,0.5512458,1000,1000.0,1000,5,0.0,2314.1252900250256,1960.0516750492388,851.0292736744741,5,556.9470682995035,1.7701344,-0.031594485,-1.775603,20000,0.5686379,1000,1000.0,1000,20,0.0,2324.844082714757,2060.0874020275864,869.2333635073155,20,385.6200655323158,3909.0,66.39093160629272,20000.0,194.0,13017.537332296371,3880000.0,301.2459610990659,3880000.0
1.0,0.009693971,-0.058589734,80.0,4.7089596,193.83578,1.7528723,-0.019064836,-1.7719865,5000,0.54441136,1000,1000.0,1000,5,0.0,2218.653028719127,1892.5307396122255,904.7550114984624,5,499.02667762207454,1.6362283,-0.03784895,-1.7973499,20000,0.5539598,1000,1000.0,1000,20,0.0,2316.6488221837208,1829.241573769781,772.6679886355996,20,531.7361426144848,3929.0,66.18819117546082,20000.0,195.0,13083.779943466187,3900000.0,302.16870479178425,3900000.0
1.0,0.009727722,-0.048462454,80.0,3.750275,193.58972,1.5454239,-0.0063955374,-1.8338058,5000,0.513848,1000,1000.0,1000,5,0.0,2158.383072797209,1589.3290865618735,867.1916463989764,5,573.3253153835295,1.7197653,-0.024641303,-1.8722377,20000,0.5387226,1000,1000.0,1000,20,0.0,2343.5395551100373,1877.197932588018,844.1320109157823,20,580.7637889995104,3949.0,66.03677773475647,20000.0,196.0,13149.871507406235,3920000.0,302.8615369503955,3920000.0
1.0,0.009637063,-0.04674612,80.0,4.209802,180.1855,1.6945369,-0.04324293,-1.7303928,5000,0.5579811,1000,1000.0,1000,5,0.0,2149.3131785011647,1814.6252472711872,866.8057868462056,5,479.75689798415027,1.8486396,-0.034446444,-1.826577,20000,0.5241773,1000,1000.0,1000,20,0.0,2342.036873849109,1723.2504523437237,801.2802036479115,20,643.3628084474672,3969.0,66.79967308044434,20000.0,197.0,13216.730814933777,3940000.0,299.40266288301666,3940000.0
1.2,0.009059173,-0.04592427,80.0,2.710579,184.04347,1.6308482,-0.016964538,-1.8032742,5000,0.5513854,1000,1000.0,1000,5,0.0,2341.790401288308,1920.8666351030581,891.1567666959018,5,531.9563163414654,1.6727874,-0.034379628,-1.7679663,20000,0.5238925,1000,1000.0,1000,20,0.0,2328.4096884634346,1749.6857520160731,794.9377737175673,20,620.8355582212548,3989.0,66.82087850570679,20000.0,198.0,13283.60779452324,3960000.0,299.30764825685304,3960000.0
1.0,0.009795121,-0.059633166,80.0,3.3584282,159.98184,1.5518079,-0.026525626,-1.7682319,5000,0.5529878,1000,1000.0,1000,5,0.0,2321.057189658284,1981.8769495114684,820.4782362487167,5,582.0908127276699,1.747632,-0.021474473,-1.9881911,20000,0.5070044,1000,1000.0,1000,20,0.0,2304.0031247612787,1563.125133786595,781.1078829690814,20,652.8894558826953,4009.0,66.68270230293274,20000.0,199.0,13350.34464430809,3980000.0,299.92785698968873,3980000.0
1.0,0.009669794,-0.06602154,80.0,3.2179742,204.42628,1.593226,-0.019364709,-1.8173699,5000,0.55918384,1000,1000.0,1000,5,0.0,2294.143710109405,1925.8105729136616,858.8360819593072,5,537.9929049347888,1.743722,-0.010418712,-1.8991632,20000,0.53992414,1000,1000.0,1000,20,0.0,2333.34051627852,1857.4234894304827,868.9698446560651,20,562.8968641955768,4029.0,66.73438143730164,20000.0,200.0,13417.132241487503,4000000.0,299.69559272517455,4000000.0
1.0,0.009705494,-0.05356152,80.0,3.060553,186.43324,1.5997365,-0.012835017,-1.7289207,5000,0.552385,1000,1000.0,1000,5,0.0,2216.820115543902,1930.8011696521194,911.7265513278544,5,509.90845429074824,1.7707605,-0.029374115,-1.7625397,20000,0.55126226,1000,1000.0,1000,20,0.0,2334.6445062570274,1873.5993892990386,870.2724870266393,20,532.2749213184553,4049.0,66.33801770210266,20000.0,201.0,13483.526580572128,4020000.0,301.486247144314,4020000.0
1.0,0.009717131,-0.06168533,80.0,3.4931028,175.1523,1.5343413,-0.029551433,-1.6670897,5000,0.5097639,1000,1000.0,1000,5,0.0,2295.603100856766,1652.2420310871676,859.3588266000152,5,656.2989707209177,1.7100763,-0.020191606,-1.8000445,20000,0.5307928,1000,1000.0,1000,20,0.0,2337.652283252217,1682.306818109611,790.9371509999037,20,618.3389388579898,4069.0,66.95311546325684,20000.0,202.0,13550.5347738266,4040000.0,298.71649529103377,4040000.0
1.0,0.00969398,-0.04688213,80.0,3.3334234,201.99826,1.5656207,-0.023474772,-1.7061782,5000,0.563102,1000,1000.0,1000,5,0.0,2337.382345176302,1875.4694687721553,930.4019999355078,5,509.8881121234313,1.7096376,-0.021825582,-1.8564258,20000,0.54901606,1000,1000.0,1000,20,0.0,2330.0535722337663,1902.5224943104172,787.6076765656471,20,546.4520918629152,4089.0,66.51446986198425,20000.0,203.0,13617.103026151657,4060000.0,300.68645275982,4060000.0
1.0,0.009731042,-0.043962087,80.0,3.3399935,189.90834,1.7386864,-0.0033127137,-1.7348907,5000,0.51206225,1000,1000.0,1000,5,0.0,2314.4974969774485,1677.0579588975756,740.7064702101052,5,716.3277613857963,1.6082665,-0.017292703,-1.7749882,20000,0.55021316,1000,1000.0,1000,20,0.0,2337.4449885794893,1838.0353156689525,771.0783597538248,20,601.4107141359174,4109.0,66.21039772033691,20000.0,204.0,13683.365633487701,4080000.0,302.067359336476,4080000.0
1.0,0.009696527,-0.05531221,80.0,3.8851829,201.59883,1.5756569,-0.0003556488,-1.6077135,5000,0.4979178,1000,1000.0,1000,5,0.0,2312.595051802695,1619.069092458114,815.5929125323892,5,637.6980019430489,1.850055,-0.01961292,-1.8065156,20000,0.55998355,1000,1000.0,1000,20,0.0,2337.31855545938,1878.6525146916974,800.9747975962237,20,533.3197257963549,4129.0,65.42859053611755,20000.0,205.0,13748.894869804382,4100000.0,305.6767666263528,4100000.0
1.0,0.009649311,-0.051235665,80.0,3.3546557,185.32057,1.5933197,-0.017674424,-1.6683753,5000,0.55249065,1000,1000.0,1000,5,0.0,2326.3817946836352,1936.2487804903649,803.6841819896363,5,583.4283654473386,1.580219,-0.023278512,-1.9394829,20000,0.55434805,1000,1000.0,1000,20,0.0,2320.0619922000915,1853.443375961401,846.0820762645453,20,579.7873258237673,4149.0,66.36072421073914,20000.0,206.0,13815.309005975723,4120000.0,301.38308823283467,4120000.0
1.0,0.009713764,-0.051306706,80.0,5.420547,211.74681,1.7136874,-0.018216824,-1.6455947,5000,0.5393766,1000,1000.0,1000,5,0.0,2357.288891542703,1731.4860530659557,891.7453077435493,5,682.2896574100762,1.6129661,-0.017459387,-1.7377613,20000,0.54993933,1000,1000.0,1000,20,0.0,2351.83393251244,1834.5477703195065,862.430442138575,20,557.6574649603729,4169.0,67.4337375164032,20000.0,207.0,13882.832609891891,4140000.0,296.58744623394216,4140000.0
1.0,0.00976211,-0.049810387,80.0,4.84047,159.75493,1.5753021,-0.002537067,-1.6178898,5000,0.55845493,1000,1000.0,1000,5,0.0,2312.989787342027,1848.1836322156712,860.4306275825948,5,507.7041777818607,1.7963611,-0.011744473,-1.7101407,20000,0.52685463,1000,1000.0,1000,20,0.0,2337.2795542031527,1673.6441819292377,861.458455812186,20,653.4862417249624,4189.0,66.44269299507141,20000.0,208.0,13949.331726789474,4160000.0,301.0112790203064,4160000.0
1.0,0.009685611,-0.052727886,80.0,4.283197,214.53043,1.5544505,-0.033238344,-1.5771618,5000,0.57479817,1000,1000.0,1000,5,0.0,2194.0615690508857,1853.3961252234876,940.3452683240175,5,464.46896394467694,1.6409388,-0.022460535,-1.7063708,20000,0.5800957,1000,1000.0,1000,20,0.0,2370.4928441187367,2045.8893135246822,860.9936680942774,20,433.9765494855391,4209.0,66.37398624420166,20000.0,209.0,14015.761003494263,4180000.0,301.3228695714682,4180000.0
1.0,0.009689398,-0.04960501,80.0,5.345319,210.70654,1.66868,-0.020197568,-1.6170878,5000,0.52275693,1000,1000.0,1000,5,0.0,2355.0756124593318,1741.6955262290314,872.5130020165816,5,655.3961210624568,1.7208364,-0.026036462,-1.7457721,20000,0.5534798,1000,1000.0,1000,20,0.0,2377.9520052820444,1926.9748290782532,832.4449674715288,20,535.643515254067,4229.0,66.44447445869446,20000.0,210.0,14082.258927583694,4200000.0,301.003208512592,4200000.0
1.0,0.009771766,-0.051072706,80.0,6.1738586,190.25702,1.5282557,-0.00591593,-1.6757383,5000,0.43347013,1000,1000.0,1000,5,0.0,2338.5752623714507,1205.8058114215733,811.2265226822346,5,584.7638367722565,1.8184842,-0.02432376,-1.9310888,20000,0.547976,1000,1000.0,1000,20,0.0,2334.242402832955,1880.8285938274116,810.5007218718529,20,562.4242571151412,4249.0,66.72445702552795,20000.0,211.0,14149.038249969482,4220000.0,299.74016862135346,4220000.0
1.0,0.009722894,-0.055008,80.0,4.500952,196.03693,1.7726886,-0.025772577,-1.7438087,5000,0.5399197,1000,1000.0,1000,5,0.0,2395.5425775907934,1719.426867631823,883.7922061402351,5,672.538049386053,1.6379646,-0.02695695,-1.7959394,20000,0.5497117,1000,1000.0,1000,20,0.0,2355.840441454202,1869.908504947438,786.6352311335504,20,598.1001301540615,4269.0,66.74528956413269,20000.0,212.0,14215.83753657341,4240000.0,299.64661372519566,4240000.0
