actor/entropy,actor/kl,actor/loss,actor/std,critic/loss,critic/v,test/action/max,test/action/mean,test/action/min,test/action/size,test/action/std,test/episode_length/max,test/episode_length/mean,test/episode_length/min,test/episode_length/size,test/episode_length/std,test/episode_score/max,test/episode_score/mean,test/episode_score/min,test/episode_score/size,test/episode_score/std,train/action/max,train/action/mean,train/action/min,train/action/size,train/action/std,train/episode_length/max,train/episode_length/mean,train/episode_length/min,train/episode_length/size,train/episode_length/std,train/episode_score/max,train/episode_score/mean,train/episode_score/min,train/episode_score/size,train/episode_score/std,train/episodes,train/epoch_seconds,train/epoch_steps,train/epochs,train/seconds,train/steps,train/steps_per_second,train/worker_steps
8.419368,-6.420305e-08,-0.0039041955,0.69314396,223695.55,5.849538,3.0742977,0.069760725,-2.6922374,5000,0.7157912,1000,1000.0,1000,5,0.0,575.7357692774385,-11627.306196705264,-60093.741250008345,5,24233.262736827874,3.0770926,0.08011123,-2.8972437,20000,0.7182989,1000,523.3684210526316,124,38,343.60016704338744,543.8771609198302,-1336.7108695270995,-60433.194472156465,38,9716.74404265259,38.0,67.53686332702637,20000.0,1.0,67.53686332702637,20000.0,296.1345702887649,20000.0
8.419279,-3.2247044e-08,-0.009290113,0.6931365,31.343487,23.38624,2.7374527,0.0695306,-2.9145281,2569,0.71752787,1000,513.8,156,5,397.73579170097327,530.7481090625515,260.1245607973309,77.03653135895729,5,199.52825524970442,3.20139,0.076444864,-3.4647768,20000,0.71877295,1000,693.0714285714286,116,28,345.19600318115636,544.072362535604,338.29992547448427,57.75183383654803,28,163.33810263098408,66.0,58.654510498046875,20000.0,2.0,126.24622106552124,40000.0,340.97974444209154,40000.0
8.418556,5.3551047e-10,-0.011617081,0.6930737,12.025115,36.624767,2.78087,0.08838101,-2.641573,2473,0.7182327,1000,494.6,248,5,262.28808589030496,462.5078697325662,246.0431177514256,146.42228083871305,5,112.94354967924308,3.1605017,0.07115124,-2.8584695,20000,0.7182316,1000,846.25,256,24,273.8815513441288,611.4726696610451,428.5618398219497,122.45301115885377,24,144.3479217148612,90.0,57.80745053291321,20000.0,3.0,184.100195646286,60000.0,345.97616424223406,60000.0
8.417716,-2.3911706e-08,0.0035365657,0.69300103,6.277329,44.10304,2.9480636,0.07762625,-2.6785865,4146,0.71637434,1000,829.2,146,5,341.6,570.5619685053825,395.31651232492294,80.46841321140528,5,165.4577162364747,3.359693,0.082854696,-2.8754387,20000,0.71750015,1000,783.4230769230769,117,26,333.4273272309555,621.6173252558801,403.0234108855321,87.00677268207073,26,167.63007542894414,116.0,61.036691188812256,20000.0,4.0,245.18255996704102,80000.0,327.671759567234,80000.0
8.41697,-4.391186e-08,-0.022362579,0.6929365,6.0125318,46.812016,3.0782142,0.07916808,-2.7791815,5000,0.7151981,1000,1000.0,1000,5,0.0,590.3257405089098,524.9682325546048,443.0432515256107,5,48.207775845151716,3.1365056,0.08463651,-3.0876265,20000,0.7166865,1000,749.6923076923077,210,26,289.0895215660539,621.6473617406155,391.14036395548186,90.16735541261733,26,149.3668743386875,142.0,63.42218804359436,20000.0,5.0,308.65175914764404,100000.0,315.3470515122034,100000.0
8.415701,-1.5180557e-08,-0.02575634,0.6928268,3.8992803,47.92198,2.9587328,0.0723276,-2.6920455,4348,0.7193073,1000,869.6,348,5,260.79999999999995,663.5762013634667,476.7871235763654,224.10230287909508,5,147.57627168192653,3.588625,0.081360824,-3.068688,20000,0.71980333,1000,838.2083333333334,101,24,266.0736081060193,612.5464324320201,438.1382482949792,54.32355649396777,24,138.19879787094752,166.0,61.74992775917053,20000.0,6.0,370.44946813583374,120000.0,323.8870185889373,120000.0
8.414003,2.3376197e-08,-0.014066954,0.69268,3.1191196,51.19067,3.16258,0.0893542,-2.8400338,4430,0.71748585,1000,886.0,430,5,228.0,569.3229890521616,456.0058561539743,230.3009195663035,5,128.85716894413068,3.2126987,0.08691435,-3.151572,20000,0.7187292,1000,814.4,221,25,289.08531612657185,596.9994389687199,438.8181296410598,117.08896295912564,25,159.86128125729255,191.0,62.233779430389404,20000.0,7.0,432.7303719520569,140000.0,321.3688801010499,140000.0
8.412402,-3.3085236e-08,0.0098161455,0.6925417,2.585661,50.17758,3.0085716,0.08668692,-3.3016973,4589,0.72157633,1000,917.8,589,5,164.39999999999998,590.6219207039103,480.769731956115,319.83000356703997,5,91.3011101976066,3.4740026,0.08651075,-3.0175157,20000,0.7158899,1000,860.4782608695652,150,23,254.34431807316994,629.2041450887918,451.0026628147082,62.63403759337962,23,144.52729518912415,214.0,62.52042269706726,20000.0,8.0,495.29909110069275,160000.0,319.8954699475851,160000.0
8.411878,-1.4610123e-08,0.0017587934,0.6924961,2.4912581,51.56191,2.9794824,0.09292612,-2.6831262,5000,0.71477014,1000,1000.0,1000,5,0.0,576.9993430823088,526.1917499393224,465.5668511688709,5,35.9363197694193,3.3690107,0.0945276,-3.1152825,20000,0.71653366,1000,754.7692307692307,152,26,322.3322828878857,642.4505591130583,400.3368115464087,70.78283609461505,26,175.279256649793,240.0,62.859763622283936,20000.0,9.0,558.2071158885956,180000.0,318.16855246509317,180000.0
8.411443,-2.188608e-08,-0.034709536,0.69245857,2.552766,51.16958,3.2145607,0.0791872,-3.0609953,4322,0.72520566,1000,864.4,322,5,271.2,597.8324436098337,488.6696346888319,184.50572952628136,5,157.60964011519846,3.2827718,0.09203448,-3.0953038,20000,0.7242721,1000,819.04,68,25,290.39249026102584,637.1672261022031,453.16402520107573,46.30728330463171,25,163.499017624861,265.0,62.21457886695862,20000.0,10.0,620.4704551696777,200000.0,321.4680604487986,200000.0
8.409778,1.5064142e-08,-0.04856621,0.6923146,1.8180704,52.85027,2.9966893,0.09498172,-2.747909,4701,0.71861935,1000,940.2,701,5,119.6,600.5128850005567,498.5660881055519,393.9188520703465,5,66.31238814332835,2.9685793,0.1028969,-3.3041325,20000,0.71820784,1000,913.4545454545455,162,22,230.7262697879198,603.5554151730612,493.8447577670661,82.24011819064617,22,128.1097444645571,287.0,62.571022748947144,20000.0,11.0,683.0896458625793,220000.0,319.63677627974414,220000.0
8.407423,-2.903398e-08,0.01046135,0.6921109,2.2358942,54.100475,3.0831919,0.10761566,-2.6948626,4554,0.72269726,1000,910.8,554,5,178.4,568.4894628487527,492.95647335229444,301.6028440967202,5,97.33517299540527,3.4624624,0.091635935,-3.1143186,20000,0.72018814,1000,863.9130434782609,205,23,248.96479811297195,640.2760907039046,481.93209441719165,107.25144872814417,23,145.16613184921343,310.0,62.128040075302124,20000.0,12.0,745.2665963172913,240000.0,321.91583664572477,240000.0
8.406233,1.2875534e-08,-0.006880318,0.6920081,2.0100992,53.531788,3.1033711,0.0960145,-3.096909,5000,0.71935034,1000,1000.0,1000,5,0.0,595.1971321851015,561.3488412268459,514.7372695505619,5,30.927739028152853,3.3955579,0.10123019,-2.9944746,20000,0.72014856,1000,928.1428571428571,264,21,187.0075846983054,652.5972727593035,516.473410188571,173.94624191895127,21,100.81695444492611,331.0,63.21503973007202,20000.0,13.0,808.5307428836823,260000.0,316.3804070265545,260000.0
8.404861,2.2049061e-08,-0.048910648,0.6918896,2.0070884,54.7052,2.986436,0.094405636,-2.610467,3906,0.7214278,1000,781.2,167,5,323.30876882633424,629.2850118726492,421.7715918487869,74.0460124462843,5,186.7939266065212,3.3331296,0.10437091,-2.8782322,20000,0.72227067,1000,901.5,161,22,249.77730990915597,635.2888473682106,502.8118863214675,82.92791553586721,22,154.04383905067982,353.0,60.989707231521606,20000.0,14.0,869.5693371295929,280000.0,327.92418438866196,280000.0
8.402544,-2.9406511e-08,-0.039581895,0.6916896,1.985601,56.38867,2.885307,0.09249914,-3.0119824,5000,0.7205205,1000,1000.0,1000,5,0.0,624.3807274224237,587.4428631792777,560.6669145561755,5,23.43013732170935,3.2479458,0.09532665,-2.998022,20000,0.7249816,1000,940.2727272727273,529,22,137.80525844900964,674.9300439357758,541.9220818991307,277.35079894959927,22,98.9197117368153,375.0,63.38497257232666,20000.0,15.0,933.0073115825653,300000.0,315.53220248188336,300000.0
8.399874,1.0873191e-08,-0.044594236,0.69145936,2.6286883,54.65303,3.5708346,0.102086954,-2.7754686,4179,0.7212185,1000,835.8,179,5,328.40000000000003,664.0920147188008,501.08382073831746,93.80343770235777,5,206.74315926344696,3.165553,0.090827,-3.3146663,20000,0.72499347,1000,767.96,128,25,343.7547358219229,693.2397450618446,448.9171283223864,63.19757297914475,25,212.524131587862,400.0,60.8810498714447,20000.0,16.0,993.9366788864136,320000.0,328.5094465721539,320000.0
8.396551,7.916242e-09,-0.02953747,0.6911728,1.8982255,58.554497,3.1653342,0.09023695,-2.8676314,5000,0.7300348,1000,1000.0,1000,5,0.0,626.2181776091456,567.8577205640729,542.6933100465685,5,29.716700382510417,3.29761,0.10375084,-2.9211328,20000,0.7262588,1000,993.047619047619,854,21,31.09199282999708,643.2636637883261,583.1688358138725,488.67660381272435,21,39.702371178733216,421.0,63.44565391540527,20000.0,17.0,1057.4331228733063,340000.0,315.230417936378,340000.0
8.393658,-5.7625584e-09,-0.013537547,0.69092345,1.5315796,59.303455,2.9548206,0.097154185,-2.7750993,5000,0.73223525,1000,1000.0,1000,5,0.0,644.9963264353573,606.3580738484859,567.1361499093473,5,33.381146775701104,3.2530243,0.094635054,-3.2646565,20000,0.7295813,1000,962.75,255,20,162.36898564689008,657.328964965418,574.9738560587168,143.10168291069567,20,105.24495122441235,441.0,63.40830397605896,20000.0,18.0,1120.8917531967163,360000.0,315.4161008241348,360000.0
8.391169,5.4226255e-08,-0.042281784,0.69070894,1.7796555,57.88715,3.1975946,0.09155232,-2.6858118,4416,0.7278947,1000,883.2,416,5,233.6,650.749700159533,541.8662119374145,197.75266963010654,5,172.76265510833844,3.448225,0.09525765,-3.582516,20000,0.7279657,1000,924.8636363636364,297,22,197.5130134848531,656.5743679329753,531.7059839539032,132.98034757075948,22,123.79158425488644,463.0,63.65330386161804,20000.0,19.0,1184.5978548526764,380000.0,314.2020725818081,380000.0
8.388639,-2.514571e-09,-0.021314163,0.6904914,2.1322546,58.79872,3.2743716,0.086450465,-2.6869884,5000,0.7326454,1000,1000.0,1000,5,0.0,664.169189076405,629.762964853202,584.199293486774,5,27.239018027561197,3.1559556,0.09750798,-3.1040208,20000,0.73612094,1000,963.5714285714286,235,21,162.91352407498465,660.5382393728942,577.8082290668639,103.89430629904382,21,109.69799586846935,484.0,64.38927960395813,20000.0,20.0,1249.0468263626099,400000.0,310.6107122647566,400000.0
8.386215,-2.2747553e-08,-0.045306176,0.69028234,2.0555947,59.952515,3.2043693,0.09108878,-2.8031728,5000,0.7285133,1000,1000.0,1000,5,0.0,622.211541974917,605.5292718098033,564.166760948021,5,21.593585036764328,3.1302729,0.0889797,-3.4921873,20000,0.73333156,1000,997.05,941,20,12.858751883444988,694.8718919828534,618.1544147253007,553.3226390071213,20,40.2945338138744,504.0,63.56922507286072,20000.0,21.0,1312.669272184372,420000.0,314.6176467791881,420000.0
8.382937,4.116446e-08,-0.04969284,0.69000006,1.8689378,61.185863,3.0728617,0.07232831,-2.997011,5000,0.7385108,1000,1000.0,1000,5,0.0,635.7315844197292,617.0919200406613,573.7823887951672,5,23.659271512202572,3.1574767,0.090844266,-2.8649023,20000,0.7362932,1000,951.8571428571429,413,21,150.50274027383014,675.9699990581721,589.2149217813442,214.5404541878961,21,112.3325781806672,525.0,63.84358477592468,20000.0,22.0,1376.5651206970215,440000.0,313.26561737087746,440000.0
8.379163,-5.075708e-09,-0.040617753,0.689675,2.295764,61.084312,3.6272624,0.1006346,-2.8689957,5000,0.7363318,1000,1000.0,1000,5,0.0,697.8662177398801,640.6565353319049,606.410785427317,5,31.31664712613422,3.694697,0.10254637,-2.9556134,20000,0.7318658,1000,1000.0,1000,20,0.0,703.2610783204436,610.3317950094352,451.6915139267221,20,52.845975492184216,545.0,63.86427092552185,20000.0,23.0,1440.4828000068665,460000.0,313.16414812476114,460000.0
8.375384,-1.0523945e-08,-0.050697815,0.6893497,1.988835,62.644844,3.0125215,0.09659992,-2.7847416,5000,0.7433854,1000,1000.0,1000,5,0.0,688.5722485392762,627.4266212354123,564.4990257658064,5,41.013840595545574,3.639219,0.08547388,-3.008821,20000,0.7355738,1000,1000.0,1000,20,0.0,688.5132820382714,635.1192545630547,539.3334300667048,20,38.51238263387643,565.0,63.620532274246216,20000.0,24.0,1504.1627342700958,480000.0,314.3639212854568,480000.0
8.371431,2.507586e-08,-0.059141386,0.68900937,2.274651,62.71238,3.10102,0.068482,-2.8006124,4746,0.73579174,1000,949.2,746,5,101.6,685.7346141440794,613.968558349763,447.9260247281054,5,87.12391181501437,4.183419,0.07710166,-3.0834725,20000,0.73821,1000,1000.0,1000,20,0.0,700.4284297265112,625.3369600338222,504.00050485227257,20,43.66318759174316,585.0,63.796233892440796,20000.0,25.0,1568.0092420578003,500000.0,313.4981295873924,500000.0
8.367474,6.4319465e-09,-0.049328275,0.6886687,2.5135546,65.51885,2.917064,0.07922588,-3.480011,5000,0.73695743,1000,1000.0,1000,5,0.0,679.0419306068216,633.5583641490433,594.4660925222561,5,27.104465668846323,3.2444797,0.06964592,-3.2053735,20000,0.7398885,1000,1000.0,1000,20,0.0,725.2089571300894,640.3528081134806,565.8038734947331,20,44.48489768166272,605.0,63.62935423851013,20000.0,26.0,1631.690979719162,520000.0,314.32033594166955,520000.0
8.363362,1.3667159e-08,-0.038554214,0.6883152,2.1369271,62.893867,3.7849686,0.08890056,-2.906015,5000,0.7499471,1000,1000.0,1000,5,0.0,692.3678969065659,655.2696963555151,636.3804390057921,5,21.884766737034706,3.4838588,0.0942745,-3.1883583,20000,0.73746204,1000,1000.0,1000,20,0.0,698.7921255975962,633.106447390595,550.8056926764548,20,43.786956650671435,625.0,63.65908145904541,20000.0,27.0,1695.4002714157104,540000.0,314.173556099248,540000.0
8.359388,-2.5588088e-08,-0.028236281,0.6879738,1.954072,63.123463,3.0172732,0.084060974,-2.9906058,5000,0.7446073,1000,1000.0,1000,5,0.0,683.9947080276906,627.9403858382254,575.570690815337,5,42.90386583815195,3.3890982,0.0858117,-3.157635,20000,0.7404011,1000,968.7142857142857,343,21,139.91396773498684,666.4468324929476,598.4511285420934,193.45515193790197,21,96.49418403916225,646.0,63.43884015083313,20000.0,28.0,1758.8904926776886,560000.0,315.26427583555596,560000.0
8.355749,1.7415733e-08,-0.05881644,0.6876613,2.1244853,63.051834,2.9711957,0.07080861,-3.2120123,5000,0.7452528,1000,1000.0,1000,5,0.0,738.1971298418939,652.6334848915197,579.9038714822382,5,59.889179056344325,3.3066816,0.09454396,-2.9827285,20000,0.7380899,1000,1000.0,1000,20,0.0,732.579318900127,633.6553155092828,542.679748352617,20,47.802498244933375,666.0,63.41867733001709,20000.0,29.0,1822.3592450618744,580000.0,315.3645084069528,580000.0
8.351811,-1.8882565e-08,-0.038115952,0.6873232,2.3848193,61.68703,3.1892242,0.09522146,-2.8774242,5000,0.7431416,1000,1000.0,1000,5,0.0,686.7850555740297,636.7334061159752,601.0252786315978,5,32.092226681603826,3.4353247,0.09092594,-3.3888953,20000,0.7415802,1000,1000.0,1000,20,0.0,683.0923916529864,611.5344776467776,501.5315276570618,20,46.173601983408744,686.0,63.63512587547302,20000.0,30.0,1886.0450303554535,600000.0,314.29182742779216,600000.0
8.347908,1.0454096e-08,-0.050097585,0.6869885,2.542865,64.95461,3.289481,0.097344875,-3.2507381,5000,0.7378803,1000,1000.0,1000,5,0.0,666.1655448840465,623.2851916149724,574.4168322533369,5,29.34569979640561,3.4458807,0.08472385,-3.0650837,20000,0.7424993,1000,1000.0,1000,20,0.0,722.7032398171723,658.7317685043585,571.1139466241002,20,35.201318405617904,706.0,62.86753511428833,20000.0,31.0,1948.9676213264465,620000.0,318.12922144381105,620000.0
8.343821,-3.0500815e-09,-0.04981637,0.68663824,2.385602,64.8944,3.4133327,0.11009442,-3.0155632,5000,0.73685193,1000,1000.0,1000,5,0.0,689.5726874833927,643.58586722631,576.7068675383925,5,38.119383531227925,3.1577904,0.074370034,-2.9316943,20000,0.7403543,1000,1000.0,1000,20,0.0,740.7827931344509,657.9765111264278,573.4590279106051,20,44.95610967594205,726.0,62.82468891143799,20000.0,32.0,2011.8416163921356,640000.0,318.34618438291636,640000.0
8.339826,6.47502e-08,-0.05042106,0.6862966,2.196599,66.78751,3.0283773,0.07339353,-3.015287,5000,0.7364237,1000,1000.0,1000,5,0.0,685.9680181420408,658.3836646866869,644.3740103014279,5,14.7074550593304,3.5329149,0.07999256,-3.0574944,20000,0.74457854,1000,1000.0,1000,20,0.0,725.0658764988184,664.7404073425248,575.4206566393841,20,37.35911224142108,746.0,62.6335391998291,20000.0,33.0,2074.5254147052765,660000.0,319.31773703847426,660000.0
8.3355465,1.4482066e-08,-0.044805795,0.68593043,1.874382,64.897835,3.2045946,0.10129985,-3.0910244,5000,0.74452615,1000,1000.0,1000,5,0.0,711.9140692045912,664.5471694843843,599.2801810726523,5,36.908933174174024,3.2101579,0.091546014,-3.3574853,20000,0.7482801,1000,1000.0,1000,20,0.0,717.1485632881522,653.7070286586415,592.5414917692542,20,27.586363309747792,766.0,63.29883098602295,20000.0,34.0,2137.873874902725,680000.0,315.9616013195601,680000.0
8.33172,-1.4930265e-08,-0.034663584,0.6856028,2.0748532,66.27088,3.0933661,0.08136222,-2.989731,5000,0.7342306,1000,1000.0,1000,5,0.0,703.0224132947624,661.7796300050337,594.30471088388,5,36.772378069058085,3.5609572,0.079318754,-2.975411,20000,0.74326605,1000,1000.0,1000,20,0.0,714.3321621175855,665.1306914080167,610.1053103245795,20,28.727920759193548,786.0,62.546061754226685,20000.0,35.0,2200.469854593277,700000.0,319.76433749881073,700000.0
8.328276,1.8067658e-08,-0.06343193,0.68530834,1.8728961,67.9111,2.999919,0.06733766,-3.0475502,5000,0.740177,1000,1000.0,1000,5,0.0,719.8213476156816,678.6895710125566,627.5170013317838,5,35.40668992854722,3.651105,0.07347669,-3.1658757,20000,0.748341,1000,966.4,328,20,146.45900450296665,722.9579740762711,657.7448644911638,197.91959227621555,20,108.2741048905255,806.0,62.4607994556427,20000.0,36.0,2262.979849100113,720000.0,320.2008327511601,720000.0
8.324271,-5.820766e-10,-0.04264211,0.6849662,2.1155202,67.947815,3.0723953,0.10354265,-2.8597293,5000,0.757534,1000,1000.0,1000,5,0.0,701.0030586719513,684.2461124680937,652.0675074420869,5,17.200686646380763,3.3083642,0.0812821,-3.210895,20000,0.74497736,1000,1000.0,1000,20,0.0,772.6910400810011,683.6040257959845,615.1095576733351,20,44.75217905652477,826.0,62.508161783218384,20000.0,37.0,2325.537328720093,740000.0,319.958217126286,740000.0
8.320088,3.678724e-08,-0.04936144,0.68460894,1.9913445,68.07288,3.1471577,0.06517043,-2.955316,5000,0.7497543,1000,1000.0,1000,5,0.0,712.7717556543648,685.7053207792924,611.699023953639,5,37.68960760351093,3.3689644,0.08333182,-3.5332122,20000,0.7493084,1000,1000.0,1000,20,0.0,770.2632646802813,678.2715301614226,635.3444040867034,20,32.328970062163464,846.0,62.722644090652466,20000.0,38.0,2388.309878349304,760000.0,318.86410864781436,760000.0
8.315596,1.648441e-08,-0.08668108,0.68422574,1.9515882,68.33357,3.1999853,0.07735153,-3.0221756,5000,0.7481791,1000,1000.0,1000,5,0.0,723.0589018762112,697.5053776201792,665.0604378324933,5,22.961204627767238,3.1230145,0.07466295,-3.0504632,20000,0.74213344,1000,1000.0,1000,20,0.0,734.4545458275825,673.6587053619384,607.8903186460957,20,33.39350935726659,866.0,63.20332932472229,20000.0,39.0,2451.5642504692078,780000.0,316.43902645136296,780000.0
8.310251,2.2631138e-08,-0.04441269,0.6837696,1.7896527,69.07664,2.918328,0.052781794,-3.2909236,5000,0.7462005,1000,1000.0,1000,5,0.0,773.3426946587861,720.4309611291159,647.7825197877828,5,41.03461894060779,3.482286,0.07103485,-3.237935,20000,0.75348693,1000,1000.0,1000,20,0.0,743.4200915247202,692.4544146128435,655.0487106777728,20,24.31526619035754,886.0,62.74483394622803,20000.0,40.0,2514.3593373298645,800000.0,318.7513416186564,800000.0
8.3053055,-5.424954e-09,-0.048867732,0.6833476,2.0019572,70.64744,3.0840106,0.08592184,-3.1794977,5000,0.7549737,1000,1000.0,1000,5,0.0,745.674167342484,713.5564220294357,676.7772756405175,5,24.757829316157345,3.5252914,0.067525774,-3.3686318,20000,0.74820465,1000,1000.0,1000,20,0.0,768.7788910147501,703.1077873395918,638.2613357443806,20,34.21409010266413,906.0,62.64230942726135,20000.0,41.0,2577.0524735450745,820000.0,319.2730310050827,820000.0
8.300644,2.4843029e-08,-0.051146913,0.6829507,1.6498001,69.81878,2.991733,0.087043315,-2.695856,5000,0.73940015,1000,1000.0,1000,5,0.0,709.3781923514325,692.5779217451112,672.9146466096863,5,14.201238848476528,3.317418,0.06499839,-3.2667482,20000,0.7486764,1000,1000.0,1000,20,0.0,721.2515294887125,684.211160793071,629.6194988116622,20,28.083448415188165,926.0,62.81941366195679,20000.0,42.0,2639.9216005802155,840000.0,318.3729174491154,840000.0
8.296743,-4.8748916e-08,-0.030305464,0.6826185,1.8023827,69.94175,3.264737,0.06735498,-3.2614858,5000,0.7542643,1000,1000.0,1000,5,0.0,750.4563962835819,691.915347830765,634.1798357069492,5,40.13102906009712,3.3174732,0.0542582,-3.3234317,20000,0.7444569,1000,1000.0,1000,20,0.0,779.0150283798575,706.4286398209654,647.8309880942106,20,37.40776481859205,946.0,62.48656177520752,20000.0,43.0,2702.457659959793,860000.0,320.06881850771475,860000.0
8.293137,-2.544839e-08,-0.05543934,0.68231124,1.6670752,70.50828,3.21924,0.045395773,-2.9139373,5000,0.738206,1000,1000.0,1000,5,0.0,807.8428574129939,706.1359177389444,623.2634240781335,5,61.085347065128104,3.8312771,0.071610674,-3.192975,20000,0.7539754,1000,1000.0,1000,20,0.0,759.1868916749954,709.8027529365442,626.3338658288121,20,35.21128972355294,966.0,63.16602110862732,20000.0,44.0,2765.672778606415,880000.0,316.62592718331547,880000.0
8.289022,-1.7834827e-08,-0.016455745,0.68196106,1.9919337,71.038345,3.0927422,0.09128834,-3.152441,5000,0.75366277,1000,1000.0,1000,5,0.0,757.3751812502742,712.2201245039702,671.6001882553101,5,30.915732714131565,3.2669663,0.062019527,-3.0710833,20000,0.7494494,1000,1000.0,1000,20,0.0,773.7009490719065,709.742726124858,641.1432688962668,20,30.24587333960592,986.0,62.604032039642334,20000.0,45.0,2828.3259539604187,900000.0,319.46824107647785,900000.0
8.285826,-5.9930606e-08,-0.068040684,0.68168956,1.3931634,71.29996,2.9911575,0.05132968,-3.3517487,5000,0.7434336,1000,1000.0,1000,5,0.0,778.6344761159271,746.1650880621746,715.6252815229818,5,24.983491548107025,3.1503966,0.054294158,-3.6949778,20000,0.75311005,1000,1000.0,1000,20,0.0,768.7421693876386,713.4676192769315,615.0625478359871,20,36.94321734529234,1006.0,62.96155261993408,20000.0,46.0,2891.3473970890045,920000.0,317.6541741390897,920000.0
8.282002,1.3574026e-08,-0.017193109,0.6813642,1.482649,73.16626,3.0544357,0.08153636,-2.84122,5000,0.7569725,1000,1000.0,1000,5,0.0,750.7254239171743,716.8232291903347,666.7166950087994,5,29.23190885323186,3.6295497,0.06421898,-3.125107,20000,0.7486968,1000,1000.0,1000,20,0.0,804.2070996016264,734.0193269116804,683.8775201989338,20,30.398055196037745,1026.0,62.915579319000244,20000.0,47.0,2954.3131811618805,940000.0,317.8862885231366,940000.0
8.278578,8.731149e-09,-0.056714732,0.68107307,1.4310461,72.23962,3.0844376,0.05738352,-3.230301,5000,0.7572432,1000,1000.0,1000,5,0.0,798.2918211715296,738.3266329381964,698.4234674993786,5,36.61129066156404,3.553975,0.049347367,-3.5726657,20000,0.7440953,1000,1000.0,1000,20,0.0,767.4492036774755,715.2165684610314,637.8250751718879,20,31.047454105036866,1046.0,62.73172068595886,20000.0,48.0,3017.094256877899,960000.0,318.8179724914921,960000.0
8.274595,-8.0792235e-09,-0.07291767,0.6807344,1.4004397,74.1122,3.310833,0.0479174,-2.8495102,5000,0.7435771,1000,1000.0,1000,5,0.0,787.8524052537978,745.2961830180138,728.6355447173119,5,21.610168387652486,3.5166025,0.04733808,-3.0671656,20000,0.7482185,1000,1000.0,1000,20,0.0,797.8388789445162,743.6674798690583,685.0735901743174,20,28.866847345116074,1066.0,63.146597146987915,20000.0,49.0,3080.289680480957,980000.0,316.7233216612686,980000.0
8.269556,-3.0267984e-08,-0.093249105,0.6803057,1.4387115,74.02997,3.3067384,0.0598232,-2.9008882,5000,0.7546669,1000,1000.0,1000,5,0.0,773.2006465587765,725.6474978778512,665.2994228075258,5,36.22425812409509,3.3873158,0.051926624,-3.54081,20000,0.74801034,1000,1000.0,1000,20,0.0,799.5304107964039,735.8769297269697,677.186128701549,20,30.3313555564301,1086.0,62.88050365447998,20000.0,50.0,3143.2212314605713,1000000.0,318.0636101437314,1000000.0
8.263662,9.941869e-09,-0.058570385,0.67980444,1.3686224,74.14795,3.2660477,0.049651373,-3.0774844,5000,0.76364845,1000,1000.0,1000,5,0.0,789.3307645134628,767.5573841593229,749.9556315671653,5,13.804424269601176,3.0412712,0.06166282,-3.1655538,20000,0.74947065,1000,1000.0,1000,20,0.0,798.7219412326813,744.1479438749491,682.2985376268625,20,34.40016315546975,1106.0,62.82044243812561,20000.0,51.0,3206.0916225910187,1020000.0,318.36770362925745,1020000.0
8.258316,-1.4959369e-08,-0.08402935,0.67934996,0.9928257,74.23793,3.0623078,0.07569407,-2.8073533,5000,0.7600653,1000,1000.0,1000,5,0.0,781.8651986047626,748.6693005111068,711.9530608486384,5,26.336422081419176,3.734279,0.06488481,-3.0102012,20000,0.7549529,1000,1000.0,1000,20,0.0,832.5304436981678,754.5421088231262,700.8423473387957,20,36.476246435614264,1126.0,62.58621072769165,20000.0,52.0,3268.7264964580536,1040000.0,319.5592090887023,1040000.0
8.252821,-5.6927092e-08,-0.05840341,0.6788832,1.351395,75.73062,3.0327597,0.0482497,-2.8490152,5000,0.7615558,1000,1000.0,1000,5,0.0,823.8298563025892,774.326213553478,718.3242041170597,5,36.68116928323283,3.3249876,0.05192564,-3.1574523,20000,0.75317204,1000,1000.0,1000,20,0.0,821.2342372685671,752.3575074133071,689.1246300563216,20,32.22887722909229,1146.0,62.68239879608154,20000.0,53.0,3331.4577362537384,1060000.0,319.06883565614686,1060000.0
8.246951,2.332963e-08,-0.078040704,0.67838496,1.3651328,75.29045,3.392303,0.01822488,-3.143302,5000,0.75464165,1000,1000.0,1000,5,0.0,795.5086156297475,764.8103217711672,752.7273019850254,5,16.159442326734226,3.261859,0.054893285,-3.2709732,20000,0.75178665,1000,1000.0,1000,20,0.0,813.345314912498,743.2586927513709,685.039834305644,20,25.964485408964663,1166.0,62.97535252571106,20000.0,54.0,3394.4828090667725,1080000.0,317.5845659908702,1080000.0
8.241018,-8.870847e-09,-0.053814404,0.6778819,1.3026778,75.914856,3.015512,0.050405197,-2.8055215,5000,0.7537527,1000,1000.0,1000,5,0.0,801.3949841037393,754.7927872310859,682.8230597935617,5,43.19039120226978,3.4551563,0.04928333,-3.128156,20000,0.7568087,1000,1000.0,1000,20,0.0,806.8755708187819,746.6953679832775,690.7109313756227,20,36.62541781642481,1186.0,62.5474112033844,20000.0,55.0,3457.080111026764,1100000.0,319.7574386406869,1100000.0
8.235469,1.6530976e-08,-0.064282,0.67741174,1.1964777,77.94148,3.2265582,0.05526236,-3.2070525,5000,0.76169366,1000,1000.0,1000,5,0.0,782.8948132437654,755.7941605995409,680.9062082245946,5,38.63947787971931,3.274464,0.02927891,-3.4484792,20000,0.753239,1000,1000.0,1000,20,0.0,827.9060433208942,778.7970244947195,700.309119803831,20,35.092787903783666,1206.0,62.46791362762451,20000.0,56.0,3519.596756219864,1120000.0,320.1643666094143,1120000.0
8.229887,2.561137e-09,-0.07961236,0.67693895,1.3125243,76.684586,2.938054,0.021551553,-3.096406,5000,0.75590324,1000,1000.0,1000,5,0.0,856.1161740124226,771.5587321996688,693.8225477840751,5,61.475263002374376,3.3823109,0.040578526,-3.0407128,20000,0.7577616,1000,1000.0,1000,20,0.0,829.6950126364827,760.72087475906,697.6777398921549,20,35.32749674195414,1226.0,62.592379093170166,20000.0,57.0,3582.241061449051,1140000.0,319.52771710801323,1140000.0
8.224115,9.965151e-09,-0.051701687,0.6764507,1.2883105,77.55901,3.000203,0.019427683,-2.9335945,5000,0.7486229,1000,1000.0,1000,5,0.0,825.114621207118,742.1026716964319,679.6616332419217,5,51.41531574828374,3.282006,0.05097605,-3.2765331,20000,0.7652709,1000,1000.0,1000,20,0.0,824.7022732049227,764.2656030199025,704.8096372187138,20,30.093007754952467,1246.0,62.6465106010437,20000.0,58.0,3644.9362766742706,1160000.0,319.25162005219164,1160000.0
8.218633,1.0221266e-08,-0.07915404,0.67598695,1.207811,76.97805,3.329141,0.053943012,-2.838595,5000,0.7594036,1000,1000.0,1000,5,0.0,799.3191440552473,756.1378520159982,691.020037798211,5,42.60629374241905,3.6080432,0.031219998,-3.0926104,20000,0.75765926,1000,1000.0,1000,20,0.0,821.4056193981087,755.8146011003934,658.7903593853116,20,44.1103741207461,1266.0,63.20587491989136,20000.0,59.0,3708.1913595199585,1180000.0,316.42628197692824,1180000.0
8.213495,-8.227653e-08,-0.084591255,0.67555314,1.2989482,76.81097,3.4017498,0.034011535,-3.0920882,5000,0.7604429,1000,1000.0,1000,5,0.0,837.3103281259537,758.6510231740773,682.1957228891551,5,58.35457323785724,3.381762,0.030000107,-3.3141365,20000,0.7605154,1000,1000.0,1000,20,0.0,807.8142238222063,758.3832887279801,707.1399569064379,20,28.186129334072607,1286.0,62.44015121459961,20000.0,60.0,3770.6803555488586,1200000.0,320.3067194898728,1200000.0
8.208257,3.457535e-08,-0.040712368,0.67511094,1.2920525,76.818474,3.250708,0.04167399,-2.8372076,5000,0.7489482,1000,1000.0,1000,5,0.0,782.7926915884018,740.640409435128,704.3995904334879,5,26.035657607491487,3.167733,0.04374863,-3.2855215,20000,0.75938225,1000,1000.0,1000,20,0.0,825.4718520715833,763.2773927599599,665.9542186297476,20,45.75163344317086,1306.0,62.54284310340881,20000.0,61.0,3833.2700901031494,1220000.0,319.7807935742839,1220000.0
8.202778,9.243377e-09,-0.088961646,0.6746487,1.1331934,76.60621,3.3020844,0.06472685,-2.981396,5000,0.7718644,1000,1000.0,1000,5,0.0,821.0268015637994,747.772896638047,712.8460266776383,5,39.505359919870195,3.168691,0.019241577,-3.2164304,20000,0.75840247,1000,1000.0,1000,20,0.0,826.8020930886269,761.5526012498624,718.5012191608548,20,30.715056381909925,1326.0,62.50837016105652,20000.0,62.0,3895.8272144794464,1240000.0,319.9571505139042,1240000.0
8.196823,-2.4586916e-08,-0.06838147,0.67414695,1.1505202,77.17893,2.941251,0.030600818,-3.0493357,5000,0.75092036,1000,1000.0,1000,5,0.0,830.4079271946102,780.6084850899875,740.4322263840586,5,31.678535994653984,3.4663904,0.029084064,-3.2257912,20000,0.75634724,1000,1000.0,1000,20,0.0,811.1991710271686,773.6430688537948,728.5121256536804,20,21.535817350611495,1346.0,62.711894035339355,20000.0,63.0,3958.586637735367,1260000.0,318.91876824402107,1260000.0
8.190679,3.813766e-08,-0.08655042,0.6736296,1.2125161,78.1846,3.0618763,0.047044516,-3.0645933,5000,0.75794154,1000,1000.0,1000,5,0.0,823.915119253099,783.2297498200089,728.7324527949095,5,35.31566767307427,3.3037071,0.0011957871,-3.7732646,20000,0.7528285,1000,1000.0,1000,20,0.0,832.6711706961505,777.0626733082405,714.2178933098912,20,30.636382969880984,1366.0,62.987929582595825,20000.0,64.0,4021.622350692749,1280000.0,317.52115258486276,1280000.0
8.184244,-3.1641683e-08,-0.0547326,0.67308855,1.13905,77.08099,3.024361,0.01808079,-3.3604465,5000,0.74908876,1000,1000.0,1000,5,0.0,825.6785687152296,792.9988622138277,769.4101986214519,5,19.30209410522464,3.4229734,0.034754578,-3.8290534,20000,0.7550979,1000,1000.0,1000,20,0.0,834.9054008312523,773.1623012610828,709.9984748363495,20,35.15206382540605,1386.0,62.56712579727173,20000.0,65.0,4084.24036693573,1300000.0,319.65668464304156,1300000.0
8.1783905,-1.2665987e-08,-0.06886989,0.67259747,1.280079,78.84383,2.962235,0.03069079,-3.1497352,5000,0.7473274,1000,1000.0,1000,5,0.0,848.9708043858409,819.3022504946217,774.0634830743074,5,28.968536013071375,3.2103581,0.027035791,-3.0005577,20000,0.747986,1000,1000.0,1000,20,0.0,850.8675545677543,781.7038536543143,708.1102405437268,20,31.118451833130635,1406.0,62.35373377799988,20000.0,66.0,4146.646058082581,1320000.0,320.7506397484821,1320000.0
8.172829,-3.0128284e-08,-0.0653639,0.67213076,1.1923364,78.7663,2.8310888,0.022189047,-3.115582,5000,0.7464676,1000,1000.0,1000,5,0.0,865.3001603037119,802.3154675986618,752.1453953385353,5,37.12184434798009,3.4411535,0.01426506,-3.119882,20000,0.7512781,1000,1000.0,1000,20,0.0,847.1845986843109,787.045231718151,732.1105151493102,20,25.920702157203852,1426.0,62.49197316169739,20000.0,67.0,4209.186311006546,1340000.0,320.0411026909038,1340000.0
8.167625,-2.8684735e-08,-0.058366597,0.6716947,1.1222571,79.34659,3.2677915,0.039528426,-3.247931,5000,0.75525945,1000,1000.0,1000,5,0.0,864.102797165513,797.3765277575701,726.0081707127392,5,44.77151453260902,3.1088607,0.014324771,-3.5350327,20000,0.7549943,1000,1000.0,1000,20,0.0,864.6914007551968,790.4259101424366,733.3426704406738,20,37.06179862637803,1446.0,62.17715382575989,20000.0,68.0,4271.4144678115845,1360000.0,321.6615552401505,1360000.0
8.163065,3.236346e-08,-0.06574485,0.6713123,1.1164582,81.30219,3.6383998,0.01061795,-2.9324431,5000,0.761005,1000,1000.0,1000,5,0.0,841.7447674386203,821.9991716355086,801.1363869272172,5,16.066839473722048,3.2819145,0.020535277,-3.3449142,20000,0.75555444,1000,1000.0,1000,20,0.0,857.4095466509461,815.5079444894535,690.9878714717925,20,42.01429571237586,1466.0,62.778966426849365,20000.0,69.0,4334.242671251297,1380000.0,318.5780387656459,1380000.0
8.158045,4.4773333e-08,-0.08764526,0.6708914,0.99945664,81.19675,3.3006933,0.021790413,-2.9900715,5000,0.7502033,1000,1000.0,1000,5,0.0,842.6252904720604,830.5759185407311,821.5219389684498,5,7.180733870677493,3.368905,0.028319,-3.8020554,20000,0.7657242,1000,1000.0,1000,20,0.0,899.4698388217948,809.2178878358682,728.1761435680091,20,44.50945278472094,1486.0,62.26089406013489,20000.0,70.0,4396.560841560364,1400000.0,321.22892390017614,1400000.0
8.152184,2.477318e-08,-0.0480598,0.6704002,1.052983,81.61802,3.1970816,0.0016072205,-2.9367166,5000,0.7538115,1000,1000.0,1000,5,0.0,844.4960856065154,833.8220950683578,821.4873065249994,5,8.392054645630273,3.5245473,0.04856281,-3.0635958,20000,0.7579718,1000,1000.0,1000,20,0.0,856.6206704340875,809.4329636955372,716.2638683617115,20,32.874129203957196,1506.0,62.63105511665344,20000.0,71.0,4459.241716623306,1420000.0,319.3304018709091,1420000.0
8.146916,8.544885e-09,-0.069514975,0.66995955,0.8390406,80.17363,3.337338,0.008351028,-3.2530308,5000,0.758291,1000,1000.0,1000,5,0.0,861.4378261566162,822.0739926958456,781.4635622613132,5,28.09704464527205,3.1395,0.016184945,-3.4741883,20000,0.76095396,1000,1000.0,1000,20,0.0,875.7012472525239,796.9091942933097,737.2946019452065,20,34.6028263166233,1526.0,62.49009323120117,20000.0,72.0,4521.780734777451,1440000.0,320.05073069748664,1440000.0
8.141357,-3.0267983e-10,-0.08626278,0.6694944,0.9317965,82.28439,2.9632657,-0.016087517,-3.252525,5000,0.7454426,1000,1000.0,1000,5,0.0,865.1974092200398,834.4403350062669,799.7470379583538,5,27.66164914576249,3.162802,0.021007298,-3.6109858,20000,0.7560384,1000,1000.0,1000,20,0.0,861.3331614872441,822.6195418059826,779.0008653849363,20,23.572106868614334,1546.0,62.63948941230774,20000.0,73.0,4584.469506978989,1460000.0,319.28740460119866,1460000.0
8.135305,-1.2316741e-08,-0.06557713,0.66898805,0.9243311,83.04224,2.8430357,0.00954932,-2.9099529,5000,0.7668185,1000,1000.0,1000,5,0.0,862.4726384952664,815.6343242363073,767.4911118224263,5,30.364156022106197,3.1063154,0.015356994,-3.316805,20000,0.7590427,1000,1000.0,1000,20,0.0,869.7596056871116,824.5006241331226,778.1799627393484,20,26.08791355035382,1566.0,62.99330115318298,20000.0,74.0,4647.512884616852,1480000.0,317.4940768918478,1480000.0
8.129476,1.2107193e-09,-0.070751175,0.66850126,0.87694305,82.83467,3.0050297,0.013716879,-3.0683029,5000,0.7556813,1000,1000.0,1000,5,0.0,889.3790397942066,813.4781427339651,742.8439976801164,5,52.453793235036954,3.316659,0.005944153,-3.9088867,20000,0.7526244,1000,1000.0,1000,20,0.0,872.2136005870998,823.595706750259,766.1540331244469,20,32.24456359818353,1586.0,62.567633867263794,20000.0,75.0,4710.13134598732,1500000.0,319.65408892446965,1500000.0
8.123507,4.1816385e-08,-0.11166586,0.6680031,0.83314997,83.0946,3.2323427,0.00058986986,-2.8659112,5000,0.7575543,1000,1000.0,1000,5,0.0,874.4884706120938,820.6471465300768,786.9250934273005,5,31.749946760689127,3.3520663,-0.0006192663,-3.0233884,20000,0.7507109,1000,1000.0,1000,20,0.0,886.4070022981614,829.4547446932789,779.1908704191446,20,30.147830044740648,1606.0,62.35410690307617,20000.0,76.0,4772.54088973999,1520000.0,320.7487203864245,1520000.0
8.117344,1.1001248e-08,-0.10133445,0.6674885,0.87647855,82.14196,2.8818824,0.034963027,-3.4160147,5000,0.74849224,1000,1000.0,1000,5,0.0,868.8255483377725,813.5187673822045,769.3767500668764,5,40.23707020700538,3.2422624,0.020686865,-3.786902,20000,0.7514333,1000,1000.0,1000,20,0.0,874.7734180688858,817.1865936686518,739.5238002464175,20,31.81357369097569,1626.0,61.977062702178955,20000.0,77.0,4834.567866563797,1540000.0,322.7000301080233,1540000.0
8.110697,4.307367e-09,-0.09688002,0.666934,0.9311875,82.5314,3.4251134,-0.016850177,-3.0288606,5000,0.75348073,1000,1000.0,1000,5,0.0,860.5768422707915,834.5361206267029,816.3718249797821,5,17.319753165711695,3.4653907,0.016137995,-3.2113738,20000,0.7567231,1000,1000.0,1000,20,0.0,900.6163903102279,825.95910573851,744.577030647546,20,43.40273180204172,1646.0,62.33012342453003,20000.0,78.0,4896.9572422504425,1560000.0,320.8721385609995,1560000.0
8.103361,4.749745e-09,-0.08389547,0.6663224,0.8246833,82.39429,3.1833096,-0.0021699884,-3.0588539,5000,0.7502491,1000,1000.0,1000,5,0.0,853.3826620061882,817.143540968839,780.6370853632689,5,29.318205299357455,3.247111,0.004812501,-3.4165452,20000,0.7516782,1000,1000.0,1000,20,0.0,883.5605700388551,818.4863268584595,759.1917060539126,20,33.72434202340019,1666.0,62.86656188964844,20000.0,79.0,4959.873323917389,1580000.0,318.13414633850346,1580000.0
8.096077,4.1676684e-09,-0.098029576,0.66571575,0.8534059,83.05482,3.1601093,0.019949464,-2.8106318,5000,0.75600755,1000,1000.0,1000,5,0.0,861.2559362264146,822.8585242797766,751.3605056367815,5,38.29341812159532,3.8128123,-0.0072069587,-3.5300539,20000,0.74895656,1000,1000.0,1000,20,0.0,893.7830208167434,833.9210268046527,761.2543799234554,20,37.321927007550975,1686.0,62.283995628356934,20000.0,80.0,5022.20648932457,1600000.0,321.10977785269625,1600000.0
8.088635,6.495975e-09,-0.06355467,0.6650968,0.95051974,82.50142,2.9364986,-0.0050429213,-2.9899473,5000,0.75906116,1000,1000.0,1000,5,0.0,826.6428720727563,805.6054684144444,747.9539154120721,5,29.726232816750766,3.353171,0.003725275,-3.1410336,20000,0.7481441,1000,1000.0,1000,20,0.0,873.7459188904613,819.3554863620782,750.0162428468466,20,35.46074151272485,1706.0,62.025328636169434,20000.0,81.0,5084.281347990036,1620000.0,322.44891626962226,1620000.0
8.08189,-6.4843334e-08,-0.11205952,0.66453594,1.0040756,82.191124,2.9404345,-0.015274454,-2.8923202,5000,0.75245994,1000,1000.0,1000,5,0.0,899.5162044353783,818.9524726614356,771.1708619147539,5,45.96091388926634,3.3504047,-0.004863679,-3.6242256,20000,0.75593185,1000,1000.0,1000,20,0.0,874.4131556004286,810.1864757232019,759.9204185679555,20,29.07330518744087,1726.0,62.29213500022888,20000.0,82.0,5146.621679067612,1640000.0,321.0678201979514,1640000.0
8.074733,9.289943e-09,-0.08675833,0.6639415,0.8424075,81.66734,2.8622284,4.0791703e-05,-2.8132758,5000,0.75012743,1000,1000.0,1000,5,0.0,842.4787925183773,811.0160986222327,775.4877221733332,5,28.144283522633494,3.3716867,-0.01811537,-3.507994,20000,0.74995166,1000,1000.0,1000,20,0.0,873.7514343913645,812.3905750346858,748.52158703655,20,30.604736578264248,1746.0,62.48924899101257,20000.0,83.0,5209.159697771072,1660000.0,320.05505463630186,1660000.0
8.067629,2.5820919e-08,-0.09196447,0.6633519,0.89718527,81.42431,2.9334397,-0.0037055558,-3.3143835,5000,0.7519274,1000,1000.0,1000,5,0.0,846.3364815115929,828.5934648415074,786.228815051727,5,22.463804201274293,2.9502635,0.01780361,-3.1262712,20000,0.74900705,1000,1000.0,1000,20,0.0,869.939795434475,808.0098193493671,717.9542113617063,20,37.59863467356209,1766.0,63.44381046295166,20000.0,84.0,5272.652627944946,1680000.0,315.2395774159735,1680000.0
8.060598,1.9418076e-08,-0.05657511,0.66276896,0.8901888,82.397156,3.2431948,-0.014982329,-2.9475653,5000,0.7486763,1000,1000.0,1000,5,0.0,905.3492672219872,820.6543247194961,777.9882667064667,5,45.50263145742898,3.4062169,0.0038513264,-3.134179,20000,0.7517311,1000,1000.0,1000,20,0.0,873.2823077384382,819.5518528299756,734.8767366409302,20,35.070809863585765,1786.0,62.515461921691895,20000.0,85.0,5335.226162433624,1700000.0,319.92085454079177,1700000.0
8.0548115,1.3795216e-08,-0.059389014,0.6622893,0.9353925,83.47185,3.0370712,4.331665e-05,-2.8688853,5000,0.7428021,1000,1000.0,1000,5,0.0,879.822244528681,823.1932913593948,761.4676761962473,5,38.28532534155717,3.199587,-0.0031372337,-3.1022563,20000,0.7502281,1000,1000.0,1000,20,0.0,870.4881773218513,836.42963493469,800.5543967283447,20,18.952337478099125,1806.0,62.51733469963074,20000.0,86.0,5397.794417142868,1720000.0,319.91127094735424,1720000.0
8.0494585,-3.760215e-08,-0.085686944,0.66184586,0.8733548,83.01322,3.0858862,-0.00709024,-3.2462406,5000,0.7458852,1000,1000.0,1000,5,0.0,862.5030321441591,829.9319178912789,797.9027587324381,5,22.719195599684337,3.6698701,-0.00058610516,-3.0095723,20000,0.74792594,1000,1000.0,1000,20,0.0,864.7241709642112,822.0495151802431,756.7123929064255,20,29.490347914381562,1826.0,62.67616558074951,20000.0,87.0,5460.523195028305,1740000.0,319.100567411591,1740000.0
8.043541,-1.3271346e-09,-0.06519337,0.66135633,0.83407736,82.614075,3.030394,-0.029118096,-2.9606616,5000,0.75572836,1000,1000.0,1000,5,0.0,846.5268184542656,830.95122798644,806.612900679931,5,14.455167962601891,3.3711343,0.028280884,-3.3030515,20000,0.7534632,1000,1000.0,1000,20,0.0,880.0022387206554,808.5561543315649,766.3709378633648,20,30.080889459749752,1846.0,62.26749777793884,20000.0,88.0,5522.83914232254,1760000.0,321.19485628481334,1760000.0
8.03794,1.3713725e-08,-0.054836422,0.6608934,0.8347554,83.471924,3.3180156,0.008128805,-3.2481978,5000,0.7421296,1000,1000.0,1000,5,0.0,864.7303153127432,827.1801737904549,743.7433664388955,5,43.85255619059578,3.1789906,-0.004404242,-3.2062693,20000,0.74987006,1000,1000.0,1000,20,0.0,914.6289647296071,841.248099244223,782.2063624039292,20,38.26610823594,1866.0,62.733274936676025,20000.0,89.0,5585.622720956802,1780000.0,318.8100736042925,1780000.0
8.03284,-2.514571e-09,-0.037344165,0.6604724,0.8498804,83.28661,3.2700648,-0.0056041856,-2.8928428,5000,0.7578332,1000,1000.0,1000,5,0.0,850.7845178097486,817.460901368782,739.9220428317785,5,39.57483100669713,3.25467,0.0034167604,-3.7436473,20000,0.7483948,1000,1000.0,1000,20,0.0,888.2763580717146,817.6028426067708,774.7158767404035,20,31.061880934689054,1886.0,62.51924991607666,20000.0,90.0,5648.1911680698395,1800000.0,319.90147077655604,1800000.0
8.028335,3.443565e-08,-0.07361869,0.66010106,0.8702393,82.57362,2.9710336,0.018813638,-3.3280098,5000,0.7537194,1000,1000.0,1000,5,0.0,835.6525748223066,818.2670606657863,787.3917674049735,5,17.471468089819144,3.69597,0.001254055,-3.2432175,20000,0.7480009,1000,1000.0,1000,20,0.0,879.5187516249716,819.856019836315,747.210213854909,20,34.588345087536524,1906.0,62.33787655830383,20000.0,91.0,5710.5767385959625,1820000.0,320.832230807449,1820000.0
8.023295,-1.5925616e-08,-0.09112665,0.6596855,0.8464363,82.487625,2.9815664,-0.027445868,-3.005394,5000,0.73837686,1000,1000.0,1000,5,0.0,875.8952904064208,847.4679311804473,828.6386585757136,5,18.977014356280794,3.0227072,-0.0025930915,-3.2729204,20000,0.74904287,1000,1000.0,1000,20,0.0,903.815448217094,825.111785519123,761.9328650087118,20,37.52014368738885,1926.0,62.08802580833435,20000.0,92.0,5772.716253519058,1840000.0,322.12330380321595,1840000.0
8.017591,3.1921083e-08,-0.072103485,0.65921557,0.7196356,84.59374,3.3136244,-0.013196154,-3.0799618,5000,0.74634135,1000,1000.0,1000,5,0.0,893.9961019009352,860.994419304654,837.4430650547147,5,18.881158106400253,3.1888356,-0.01037793,-3.3056378,20000,0.7481207,1000,1000.0,1000,20,0.0,903.4588013626635,843.3064010014292,761.5913047119975,20,29.832773716456025,1946.0,62.09662890434265,20000.0,93.0,5834.862256288528,1860000.0,322.07867565257357,1860000.0
8.01233,-4.1618478e-09,-0.098753884,0.6587826,0.75568163,84.799904,3.1756773,-0.020249056,-2.9626923,5000,0.74888045,1000,1000.0,1000,5,0.0,860.0065275281668,831.2594777862541,800.3376943189651,5,23.967727119747455,3.2370172,-0.00490753,-3.2089107,20000,0.7507323,1000,1000.0,1000,20,0.0,898.4291220158339,839.5743389824638,732.4861894249916,20,39.276628570305995,1966.0,62.16171479225159,20000.0,94.0,5897.071724891663,1880000.0,321.74144595015235,1880000.0
8.006863,-1.5716068e-08,-0.05109734,0.6583324,0.8630678,83.48979,2.9354947,0.010311627,-2.88165,5000,0.7504487,1000,1000.0,1000,5,0.0,895.0910124331713,840.0641547957435,779.0070362091064,5,37.91640870708171,3.224073,-0.007417186,-3.4006064,20000,0.7537844,1000,1000.0,1000,20,0.0,875.6340952515602,837.8033550896914,776.2854638891295,20,27.30265224924035,1986.0,62.09356713294983,20000.0,95.0,5959.215049982071,1900000.0,322.09455702838886,1900000.0
8.001088,-1.8579886e-08,-0.09232855,0.6578573,0.7033365,84.814865,2.794764,0.014541831,-2.8362432,5000,0.73530453,1000,1000.0,1000,5,0.0,884.0667844712734,859.2723507146351,831.8735678438097,5,22.669123183873317,3.3508043,0.004535944,-3.1549978,20000,0.74755085,1000,1000.0,1000,20,0.0,880.9067482743412,836.7876077996567,751.4344837106764,20,35.45907048305099,2006.0,62.020695209503174,20000.0,96.0,6021.283644199371,1920000.0,322.47300570302997,1920000.0
7.9947877,1.816079e-08,-0.08787296,0.657339,0.6725233,84.10504,3.495464,-0.017482996,-2.8613396,5000,0.75407827,1000,1000.0,1000,5,0.0,865.0789036303759,830.9936707169749,795.9631194770336,5,22.0268932307317,3.1486619,0.009877595,-3.1932194,20000,0.74455667,1000,1000.0,1000,20,0.0,895.8206110943574,844.900092701579,749.1416476890445,20,32.050207232244546,2026.0,62.17352223396301,20000.0,97.0,6083.5066084861755,1940000.0,321.68034367972103,1940000.0
7.988527,1.7229468e-08,-0.07264229,0.6568242,0.64385176,85.42854,2.9076343,0.0017242954,-3.1588016,5000,0.74531764,1000,1000.0,1000,5,0.0,886.2463188245893,859.8712949842214,811.6680676788092,5,26.249970120055675,3.1298878,-0.0015447685,-3.4081583,20000,0.7474122,1000,1000.0,1000,20,0.0,903.1022852659225,852.7903976562899,773.0144653161988,20,32.776981474151704,2046.0,62.22043251991272,20000.0,98.0,6145.775238275528,1960000.0,321.4378169679116,1960000.0
7.982337,-2.346933e-08,-0.08229367,0.65631545,0.7879439,84.90183,2.8934226,-0.0145457415,-2.8885016,5000,0.7346335,1000,1000.0,1000,5,0.0,863.406135097146,844.2381035635248,831.4191875560209,5,13.205245690715168,3.3887892,0.0091683455,-3.0910854,20000,0.7454119,1000,1000.0,1000,20,0.0,879.3634381219745,842.800016881316,785.0279774330556,20,23.642264011120023,2066.0,62.67907953262329,20000.0,99.0,6208.509775161743,1980000.0,319.08573241874706,1980000.0
7.9757476,3.853347e-08,-0.081177175,0.6557747,0.7269901,84.63652,3.3988955,-0.035403837,-2.830032,5000,0.7446354,1000,1000.0,1000,5,0.0,870.5689881676808,845.2903898375109,788.2964168153703,5,29.49953860862815,3.0047183,0.00021086435,-3.072866,20000,0.74293804,1000,1000.0,1000,20,0.0,909.407757923007,840.7357562115765,792.3166790306568,20,30.424597096299387,2086.0,61.89968204498291,20000.0,100.0,6270.458010673523,2000000.0,323.1034367101574,2000000.0
7.969246,-1.6088597e-08,-0.09182255,0.65524167,0.66705465,85.36042,3.14533,-0.007405158,-2.9973977,5000,0.7366853,1000,1000.0,1000,5,0.0,866.7719176486135,838.0530033471063,801.7998739816248,5,20.83634040185382,3.324924,0.004166681,-3.4009545,20000,0.7425738,1000,1000.0,1000,20,0.0,900.1455807313323,848.9503166826559,776.4999023452401,20,28.97627301794286,2106.0,62.17183589935303,20000.0,101.0,6332.679977893829,2020000.0,321.68906886354506,2020000.0
7.9627976,-5.559996e-08,-0.085549936,0.654714,0.7919161,85.57076,3.1607661,-0.0042187967,-3.2097406,5000,0.7528459,1000,1000.0,1000,5,0.0,876.1943285688758,825.7215469220653,772.0820784494281,5,35.47764876589398,3.621727,-0.006387547,-2.935141,20000,0.7464388,1000,1000.0,1000,20,0.0,911.8630831167102,847.0467869190965,784.1465123146772,20,29.064625820986333,2126.0,62.736823081970215,20000.0,102.0,6395.465949296951,2040000.0,318.792042974005,2040000.0
7.9568763,1.3969839e-09,-0.08125359,0.65422934,0.6573702,87.12068,3.4940577,0.0016180481,-3.1822855,5000,0.7402817,1000,1000.0,1000,5,0.0,895.7532337671146,852.6740286910441,820.9370861649513,5,24.1640858086688,3.1720967,0.0012473657,-3.2795146,20000,0.742408,1000,1000.0,1000,20,0.0,898.1670391410589,861.9604902589984,829.6462167724967,20,18.022143675563505,2146.0,62.43705105781555,20000.0,103.0,6457.953817129135,2060000.0,320.32262352493825,2060000.0
7.9510317,-4.717149e-08,-0.07745208,0.65375173,0.7772783,85.34723,3.0412676,0.01620653,-3.1333961,5000,0.7375046,1000,1000.0,1000,5,0.0,887.504756661132,865.8412033278495,852.0671570003033,5,16.060524038340226,3.1949134,-0.012125239,-3.1447566,20000,0.7409165,1000,1000.0,1000,20,0.0,880.7665474750102,844.9689245328307,780.700820595026,20,26.581922063564683,2166.0,63.308927059173584,20000.0,104.0,6521.310064792633,2080000.0,315.9112139320637,2080000.0
7.9448395,-3.4901312e-08,-0.074899726,0.65324605,0.6585165,85.197655,3.0516644,-0.005271284,-3.179754,5000,0.7437958,1000,1000.0,1000,5,0.0,897.8597000092268,842.0121229417622,778.9165396988392,5,37.85551566967045,3.2267978,0.0012480218,-3.1763113,20000,0.73924017,1000,1000.0,1000,20,0.0,865.9663595072925,842.1161236053507,800.7065694089979,20,18.571327349470504,2186.0,62.65800619125366,20000.0,105.0,6584.019676446915,2100000.0,319.1930483544778,2100000.0
7.938825,-1.9324944e-09,-0.069623634,0.65275526,0.80485404,85.740944,2.7997847,0.0045324024,-3.0187225,5000,0.73850465,1000,1000.0,1000,5,0.0,892.6475320011377,859.1601449771784,824.793166257441,5,26.57517940821725,3.5049741,0.006907109,-3.132202,20000,0.7435249,1000,1000.0,1000,20,0.0,904.3435664698482,848.3818563316411,798.5348899308592,20,25.82854474707576,2206.0,62.829429149627686,20000.0,106.0,6646.901428222656,2120000.0,318.32216639069236,2120000.0
7.932828,-3.3155082e-08,-0.09378085,0.652266,0.6224806,85.086426,3.1240845,0.0036279564,-3.215519,5000,0.7374657,1000,1000.0,1000,5,0.0,859.0168448016047,847.8780957724899,829.0016309283674,5,10.145797627945441,3.1337578,0.020890629,-3.4876347,20000,0.7439042,1000,1000.0,1000,20,0.0,894.4020577706397,848.130043640011,785.7425279356539,20,25.95758968298921,2226.0,62.84874081611633,20000.0,107.0,6709.797922372818,2140000.0,318.224354860446,2140000.0
7.9264283,-3.1478702e-08,-0.08034575,0.651745,0.78907603,85.57001,3.0713117,-0.009800699,-3.1843467,5000,0.7389093,1000,1000.0,1000,5,0.0,881.4209120580927,832.3230380998924,785.2829594612122,5,39.339503976583096,3.1504564,-0.010001948,-3.429209,20000,0.74541456,1000,1000.0,1000,20,0.0,887.9191911686212,846.4260873384076,799.8408591262996,20,23.47914942009998,2246.0,63.034106969833374,20000.0,108.0,6772.88373708725,2160000.0,317.288543638312,2160000.0
7.9200263,4.284084e-08,-0.09753679,0.6512248,0.78996694,85.763695,3.2249904,-0.01645067,-2.97691,5000,0.7432428,1000,1000.0,1000,5,0.0,910.1888083666563,863.3714757442474,834.9108963236213,5,26.13425756500313,3.2381084,-0.015958926,-3.0811474,20000,0.74451685,1000,1000.0,1000,20,0.0,879.1065278686583,846.4002054238692,800.9961906373501,20,23.471163530978576,2266.0,63.724517583847046,20000.0,109.0,6836.659075498581,2180000.0,313.85094400572785,2180000.0
7.913368,2.1536835e-08,-0.078519285,0.6506839,0.66944915,85.070656,3.2481947,-0.0016358215,-3.4289043,5000,0.74283296,1000,1000.0,1000,5,0.0,892.4943215176463,867.5214364159852,814.6575466021895,5,27.3277988604996,3.1453803,0.010915658,-3.429956,20000,0.74506617,1000,1000.0,1000,20,0.0,886.3928743228316,841.66171678307,791.5729163885117,20,25.060081275304178,2286.0,62.69997501373291,20000.0,110.0,6899.409962654114,2200000.0,318.97939346258886,2200000.0
7.90761,-8.265488e-09,-0.069726355,0.6502167,0.7297763,86.70484,2.926331,0.022494033,-3.0939877,5000,0.7345084,1000,1000.0,1000,5,0.0,906.4323126450181,876.5997591629624,840.800144456327,5,25.6704819214962,3.0851128,0.008010937,-3.2103999,20000,0.7378929,1000,1000.0,1000,20,0.0,902.4736938551068,857.1274715268635,803.2460038438439,20,22.93288125679843,2306.0,62.93441677093506,20000.0,111.0,6962.39481139183,2220000.0,317.7911391916892,2220000.0
7.9020414,3.7159772e-08,-0.079762205,0.6497654,0.5892662,86.13201,3.1979034,-0.007234784,-3.0817106,5000,0.7453375,1000,1000.0,1000,5,0.0,896.1289212661795,857.3411797993351,820.2537438645959,5,24.150692441199418,3.0758917,0.0013411563,-3.0021138,20000,0.74524087,1000,1000.0,1000,20,0.0,904.4975238926709,855.3892008825438,808.5134126804769,20,30.516525350696895,2326.0,62.784783601760864,20000.0,112.0,7025.233418703079,2240000.0,318.5485216745906,2240000.0
7.8957305,-2.8172508e-08,-0.11053071,0.6492541,0.68768936,84.71956,2.9221041,0.0013093124,-2.9647334,5000,0.7412677,1000,1000.0,1000,5,0.0,884.7088959403336,855.4104500359856,832.5767592042685,5,18.308223176689086,2.9651809,0.004190725,-3.4103613,20000,0.7358208,1000,1000.0,1000,20,0.0,881.1029209047556,830.396949664317,777.8403221592307,20,29.467958011729955,2346.0,62.91371512413025,20000.0,113.0,7088.207267999649,2260000.0,317.8957078045626,2260000.0
7.888742,2.8964132e-08,-0.06386436,0.6486881,0.8763632,85.02841,2.7713485,-0.0142915,-3.0179083,5000,0.7319306,1000,1000.0,1000,5,0.0,857.6478963494301,846.4174635574221,824.7868163585663,5,11.490654826241682,3.4575467,-0.00022233355,-3.0427105,20000,0.7336206,1000,1000.0,1000,20,0.0,898.5030490718782,851.6435874722781,803.2935451325029,20,23.57148799638277,2366.0,63.16100716590881,20000.0,114.0,7151.418135404587,2280000.0,316.6510620621485,2280000.0
7.88223,3.927853e-08,-0.10275527,0.6481605,0.8155493,85.75839,3.420207,0.015797492,-2.8053503,5000,0.73700863,1000,1000.0,1000,5,0.0,910.1574519574642,871.0001527965069,832.1832922045141,5,29.09771073216135,3.4988327,-0.0025871552,-3.0311587,20000,0.7304277,1000,1000.0,1000,20,0.0,880.2307593002915,851.119647350983,792.1104638539255,20,22.836446087774696,2386.0,63.096864461898804,20000.0,115.0,7214.565719366074,2300000.0,316.9729616608294,2300000.0
7.875613,-1.3015233e-08,-0.08522091,0.6476249,0.88082427,86.09759,2.825539,-0.022876482,-2.8045692,5000,0.7347239,1000,1000.0,1000,5,0.0,899.565785896033,879.2555935457349,858.9641236066818,5,16.821808832161537,3.3218336,-0.014971917,-3.2865644,20000,0.7321151,1000,1000.0,1000,20,0.0,904.4958824068308,857.0996233367827,787.4258224591613,20,35.21610421034585,2406.0,62.730555295944214,20000.0,116.0,7277.34924697876,2320000.0,318.82389539907484,2320000.0
7.868735,3.4971162e-08,-0.098631755,0.64706874,0.6567483,87.3735,2.9819143,0.016708018,-3.3392653,5000,0.73934567,1000,1000.0,1000,5,0.0,912.4364732056856,865.6277382822707,818.0852411389351,5,30.866777224929695,2.9013429,-0.017263439,-3.0761144,20000,0.73339134,1000,1000.0,1000,20,0.0,901.6097276138607,870.6322944642277,824.6448435261846,20,23.585080980342067,2426.0,62.80434226989746,20000.0,117.0,7340.2023668289185,2340000.0,318.4493185845548,2340000.0
7.861623,1.2898818e-08,-0.07810661,0.64649403,0.7461621,87.7777,3.35399,0.0117183775,-3.0966873,5000,0.7389531,1000,1000.0,1000,5,0.0,893.5568649955094,859.6353780523874,818.9167976714671,5,24.61589454771282,3.166988,-0.0003218145,-3.0187244,20000,0.73506653,1000,1000.0,1000,20,0.0,908.6183974705637,865.6589218682609,822.2172719473019,20,25.695767982803577,2446.0,63.13127565383911,20000.0,118.0,7403.392727136612,2360000.0,316.80018806627373,2360000.0
7.854988,3.2642856e-08,-0.0601766,0.6459586,0.6795685,87.24153,3.0492246,0.0041662073,-3.0065243,5000,0.73947835,1000,1000.0,1000,5,0.0,908.2848140485585,881.032556561008,842.9277246091515,5,21.557632740926014,2.9351578,-0.007517964,-3.2946603,20000,0.7406918,1000,1000.0,1000,20,0.0,916.5087603405118,870.3754359064158,782.184344522655,20,36.85575019305267,2466.0,63.88388180732727,20000.0,119.0,7467.327614784241,2380000.0,313.06801393690614,2380000.0
7.849476,-2.6047928e-08,-0.08364595,0.645514,0.6529685,86.61806,2.946168,0.011169747,-2.7481492,5000,0.7377479,1000,1000.0,1000,5,0.0,878.8611624017358,847.7190672118217,830.9567671362311,5,17.516368658575903,3.3565116,-1.8405533e-05,-3.406608,20000,0.73760116,1000,1000.0,1000,20,0.0,901.3321256414056,859.800154045038,801.9332113452256,20,28.541142390720342,2486.0,62.885236501693726,20000.0,120.0,7530.263010263443,2400000.0,318.03967214882505,2400000.0
7.8439283,1.799781e-08,-0.0617278,0.6450666,0.6068545,87.616005,3.2902255,0.03843186,-3.1180694,5000,0.74718934,1000,1000.0,1000,5,0.0,868.1134221963584,837.2115743588656,806.4199276342988,5,19.908633607936494,3.1634455,0.002586589,-3.3650496,20000,0.7342517,1000,1000.0,1000,20,0.0,914.5282205920666,869.338265439216,817.5815104395151,20,26.245654494355396,2506.0,62.514355421066284,20000.0,121.0,7592.8282153606415,2420000.0,319.92651712218304,2420000.0
7.838229,-9.918585e-09,-0.07392782,0.64460766,0.6469522,87.26553,3.157577,0.02115518,-3.5680597,5000,0.73683673,1000,1000.0,1000,5,0.0,862.6563837565482,848.7879024282098,840.2583761066198,5,8.117777064743215,3.044467,0.013567653,-3.2437236,20000,0.7412945,1000,1000.0,1000,20,0.0,908.799832386896,861.1682282319758,805.3086133226752,20,26.474246972599207,2526.0,62.53802967071533,20000.0,122.0,7655.416604042053,2440000.0,319.8054064911705,2440000.0
7.8326135,5.4971316e-08,-0.082127824,0.64415544,0.61585355,86.70517,3.2234871,0.01435811,-3.1162684,5000,0.7353886,1000,1000.0,1000,5,0.0,880.9708338938653,846.3095977142453,817.4508249089122,5,20.722579483241283,3.3308456,-0.008547175,-2.9857516,20000,0.7360834,1000,1000.0,1000,20,0.0,907.4015644863248,851.1713196414872,782.3699871767312,20,33.58324658100324,2546.0,62.77300214767456,20000.0,123.0,7718.239139556885,2460000.0,318.6083079625483,2460000.0
7.826599,7.1013346e-09,-0.09405238,0.64367175,0.66930586,86.36266,2.9440486,-0.017789084,-2.9018219,5000,0.7420423,1000,1000.0,1000,5,0.0,926.931479241699,885.4821945345029,839.6718143215403,5,29.821708245589882,3.135398,-0.009032471,-3.581351,20000,0.73793083,1000,1000.0,1000,20,0.0,927.5959583334625,858.6927285707673,805.0300675742328,20,32.21490310438218,2566.0,63.006375312805176,20000.0,124.0,7781.296445846558,2480000.0,317.42819517400926,2480000.0
7.82039,-1.5599653e-09,-0.07075905,0.64317286,0.60579944,86.628075,2.7942944,0.021297079,-2.8895519,5000,0.72987103,1000,1000.0,1000,5,0.0,890.6935492642224,860.8081687906058,810.0418707827339,5,34.56520898219082,3.142628,0.014535434,-3.0531368,20000,0.73600435,1000,1000.0,1000,20,0.0,915.4574235733598,863.4694756964105,821.8366151973605,20,28.514230799795527,2586.0,62.50047445297241,20000.0,125.0,7843.847762823105,2500000.0,319.9975708192218,2500000.0
7.8144393,-6.09085e-08,-0.075545326,0.6426954,0.71065825,86.84373,3.1626506,-0.022673935,-2.978947,5000,0.74467474,1000,1000.0,1000,5,0.0,886.5818980988115,855.1801235564053,822.9140880350024,5,20.794109818418335,3.3586242,-0.007569557,-3.2135699,20000,0.7320116,1000,1000.0,1000,20,0.0,916.3247446678579,861.777225793511,823.1965318024158,20,30.740184369698447,2606.0,62.6005802154541,20000.0,126.0,7906.499612569809,2520000.0,319.48585669917856,2520000.0
7.8086257,-3.797468e-08,-0.08285684,0.64222974,0.7753937,87.94846,3.0776548,-0.011153038,-2.8280888,5000,0.7399107,1000,1000.0,1000,5,0.0,899.212363474071,874.0015073128045,843.9159313943237,5,23.03063780081993,3.27749,-0.008729938,-3.2555187,20000,0.7339139,1000,1000.0,1000,20,0.0,909.9241001754999,866.0091608392773,820.8606340922415,20,26.145560678364944,2626.0,62.50287437438965,20000.0,127.0,7969.053520679474,2540000.0,319.9852838799192,2540000.0
7.8026857,1.6298145e-08,-0.07319046,0.6417538,0.75065184,87.05033,3.0014334,-0.022290397,-2.9452777,5000,0.7331639,1000,1000.0,1000,5,0.0,911.4446659730747,853.2975643174723,801.1076796036214,5,38.22989663063795,3.036036,-0.012544427,-3.0169086,20000,0.7312717,1000,1000.0,1000,20,0.0,935.8049884811044,862.0215483390202,772.9559683087282,20,35.732295771270074,2646.0,63.19865846633911,20000.0,128.0,8032.307086229324,2560000.0,316.4624136863982,2560000.0
7.7972217,1.731678e-08,-0.08971907,0.6413163,0.83415043,86.78849,2.8435223,-0.010265576,-2.9294586,5000,0.7197776,1000,1000.0,1000,5,0.0,897.9116850495338,878.7295905087143,852.6373319737613,5,14.879640227361943,3.0994606,-0.015306546,-3.3475049,20000,0.7360365,1000,1000.0,1000,20,0.0,917.5649797655642,857.0975552768938,811.882774984464,20,31.31555497401079,2666.0,62.16830277442932,20000.0,129.0,8094.524992227554,2580000.0,321.7073509722108,2580000.0
7.7915077,1.6996637e-09,-0.10269407,0.64085865,0.74467653,87.2482,2.8031106,-0.009420937,-2.8460476,5000,0.72650206,1000,1000.0,1000,5,0.0,860.8995681256056,846.6278576117941,821.9800102580339,5,13.27464724934223,3.1040123,-0.00833531,-3.130037,20000,0.7371048,1000,1000.0,1000,20,0.0,908.0561839565635,863.5163388541666,806.4137771502137,20,28.095452477050962,2686.0,62.35984683036804,20000.0,130.0,8156.934393405914,2600000.0,320.71919699232467,2600000.0
7.7850065,2.514571e-09,-0.059353195,0.64033806,0.7153234,87.18153,3.0747058,0.016372336,-2.7740889,5000,0.73316824,1000,1000.0,1000,5,0.0,918.0373867731541,880.0431627620012,828.1092405989766,5,30.784289945377143,3.0837696,-0.010808042,-3.3247244,20000,0.7395677,1000,1000.0,1000,20,0.0,905.7030356526375,861.9214188766142,817.0176934301853,20,27.06994282672289,2706.0,62.11701965332031,20000.0,131.0,8219.101364850998,2620000.0,321.97294898598614,2620000.0
7.7786264,-4.2677858e-08,-0.11983307,0.63982713,0.6725709,86.55011,3.277857,0.0074994736,-3.1153474,5000,0.7366075,1000,1000.0,1000,5,0.0,897.6230377405882,857.447725132946,833.7270366507582,5,23.059311380516384,3.3464546,0.003116612,-3.0541654,20000,0.7307221,1000,1000.0,1000,20,0.0,902.599006049335,853.3350755786872,811.3658434078097,20,24.364274059731496,2726.0,62.064175844192505,20000.0,132.0,8281.21636390686,2640000.0,322.2470890487374,2640000.0
7.7715073,-5.075708e-09,-0.08363612,0.6392579,0.63946915,86.29504,3.168163,-0.009112201,-2.7924838,5000,0.73442453,1000,1000.0,1000,5,0.0,852.6507894136012,839.3879606690258,817.6403835266829,5,12.485164686755814,3.3213143,-0.013704625,-3.1497416,20000,0.7463418,1000,1000.0,1000,20,0.0,907.840086452663,859.5718895213562,803.3276989012957,20,25.758633781847145,2746.0,62.61910963058472,20000.0,133.0,8343.885393381119,2660000.0,319.39131868830515,2660000.0
7.764547,-3.145542e-08,-0.091032065,0.6387023,0.6167789,87.76227,2.9388707,0.055595033,-2.855124,5000,0.72826207,1000,1000.0,1000,5,0.0,848.8833334445953,840.3150703243912,827.1420335024595,5,7.571897747966605,3.0803156,-0.007007357,-3.425069,20000,0.7352096,1000,1000.0,1000,20,0.0,932.5572825195268,872.0630888306536,814.5611484404653,20,32.637338834826835,2766.0,61.978394746780396,20000.0,134.0,8405.92552447319,2680000.0,322.69309461324735,2680000.0
7.7576666,-1.4854595e-08,-0.06735977,0.6381537,0.67038727,87.12125,3.1204293,0.0054289047,-2.9120054,5000,0.72767055,1000,1000.0,1000,5,0.0,939.547336190939,883.6766083389521,838.310169480741,5,38.156113560180934,3.0800748,-0.00081728096,-3.5735617,20000,0.741848,1000,1000.0,1000,20,0.0,907.5228065997362,859.0994235712918,818.3694872483611,20,21.18167439088411,2786.0,61.85382962226868,20000.0,135.0,8467.831288814545,2700000.0,323.34295422186085,2700000.0
7.751283,2.5401823e-08,-0.0855441,0.6376446,0.7302194,89.17294,2.788166,0.0138645535,-2.98844,5000,0.7301955,1000,1000.0,1000,5,0.0,927.213036365807,889.368701386638,861.4253546204418,5,24.336629242301303,3.2206175,0.0049541476,-3.3161032,20000,0.7370114,1000,1000.0,1000,20,0.0,946.5404347926378,885.9213940410409,814.9042845591903,20,35.82397737487855,2806.0,62.07446503639221,20000.0,136.0,8529.958268880844,2720000.0,322.19367477874613,2720000.0
7.745558,-2.3341272e-08,-0.09360647,0.63718814,0.8162259,86.53439,2.9589262,0.018629458,-2.8198545,5000,0.72607726,1000,1000.0,1000,5,0.0,918.2421963922679,858.7728958316147,757.181367661804,5,53.888246753793496,3.4396136,0.0038517998,-3.3252368,20000,0.7330316,1000,1000.0,1000,20,0.0,936.0656195282936,869.2199754437199,792.0049538314342,20,37.090321690821014,2826.0,61.897276401519775,20000.0,137.0,8591.905457496643,2740000.0,323.1159941555835,2740000.0
7.739634,-6.9150703e-09,-0.062254418,0.63671625,0.5771918,86.90962,3.453121,-0.00771999,-2.943423,5000,0.743421,1000,1000.0,1000,5,0.0,890.9794734959723,859.6200238677208,837.0495896395296,5,19.511033266984686,3.4286804,0.002725297,-3.383061,20000,0.7354225,1000,1000.0,1000,20,0.0,920.3817812204361,871.3541945362958,819.7722465991974,20,28.438846471808493,2846.0,62.256432056427,20000.0,138.0,8654.211670398712,2760000.0,321.25194681688015,2760000.0
7.7336655,-3.9185398e-08,-0.071536675,0.6362416,0.6836938,86.903015,2.9635515,0.007992523,-3.0473576,5000,0.73981804,1000,1000.0,1000,5,0.0,924.3662407845259,897.8837192315608,842.8620907235891,5,31.24264819134987,3.6055012,0.012366437,-3.009165,20000,0.7319143,1000,1000.0,1000,20,0.0,910.5049170404673,863.2381584264338,797.1178727224469,20,28.806729162963705,2866.0,61.64733147621155,20000.0,139.0,8715.908515691757,2780000.0,324.42604604414373,2780000.0
7.7280717,-2.5820919e-08,-0.061918486,0.63579726,0.7563392,86.442795,3.2072086,-0.011602301,-3.1121128,5000,0.7469012,1000,1000.0,1000,5,0.0,919.956835012883,888.1949555257336,837.0700961984694,5,29.554453030928517,3.3926282,0.0008070794,-3.1268022,20000,0.73318315,1000,1000.0,1000,20,0.0,896.4203985878266,853.1966095323093,797.8059293236583,20,25.774008399551473,2886.0,61.4657781124115,20000.0,140.0,8777.423401355743,2800000.0,325.3843132583966,2800000.0
7.722557,-9.313226e-09,-0.08274535,0.6353595,0.72218585,86.98412,3.2231889,0.012804027,-3.0622792,5000,0.7402972,1000,1000.0,1000,5,0.0,917.3282465748489,869.9163969502785,823.4027874022722,5,37.34924714813505,3.3404424,0.003489317,-3.254626,20000,0.7329353,1000,1000.0,1000,20,0.0,916.8772344142199,861.5256685925648,814.7634204924107,20,25.670031055306744,2906.0,61.17086362838745,20000.0,141.0,8838.643756866455,2820000.0,326.95304289800214,2820000.0
7.71684,-4.186295e-08,-0.086946346,0.63490605,0.7320293,87.22322,3.1683035,-0.009470468,-3.0839567,5000,0.7380118,1000,1000.0,1000,5,0.0,930.7401950880885,897.1200063899159,863.4728645682335,5,25.061310644886852,3.7109373,0.014748038,-3.2635589,20000,0.7357793,1000,1000.0,1000,20,0.0,931.3468361273408,874.1284267770476,813.9313699491322,20,29.08400284175288,2926.0,61.228652477264404,20000.0,142.0,8899.92248916626,2840000.0,326.6444579590651,2840000.0
7.7108016,-1.6367995e-08,-0.071079865,0.63442767,0.6177771,86.94415,3.1425831,-0.015132333,-3.2361386,5000,0.734774,1000,1000.0,1000,5,0.0,896.1600570678711,853.9281499253818,825.8649192713201,5,29.08953764299043,3.2185218,0.0024170494,-3.516796,20000,0.7373432,1000,1000.0,1000,20,0.0,922.501441642642,865.7678789910976,809.6213921459857,20,29.68754908300901,2946.0,61.70030736923218,20000.0,143.0,8961.671897172928,2860000.0,324.1474937930911,2860000.0
7.704854,9.126961e-09,-0.057302743,0.6339571,0.74590516,87.43716,3.0404696,0.014502241,-3.1610823,5000,0.7312019,1000,1000.0,1000,5,0.0,889.690160214901,862.5296334745362,837.3947908133268,5,18.8816577042789,3.0520997,0.004144733,-3.3090022,20000,0.7289019,1000,1000.0,1000,20,0.0,908.3276998977453,870.2616776344566,806.2920225784183,20,29.731472456725175,2966.0,61.807074546813965,20000.0,144.0,9023.528637647629,2880000.0,323.5875528270082,2880000.0
7.699434,-1.0454096e-08,-0.07567312,0.6335286,0.63266087,87.23347,3.0777493,-0.014741544,-3.259028,5000,0.73311913,1000,1000.0,1000,5,0.0,897.2516495585442,864.6220544412732,836.1606230735779,5,22.466202791383406,3.0606148,0.008462028,-3.0332365,20000,0.7345437,1000,1000.0,1000,20,0.0,935.8618078506552,872.0796614271821,827.5869262963533,20,34.70406574377123,2986.0,61.69240951538086,20000.0,145.0,9085.269953012466,2900000.0,324.1889911110328,2900000.0
7.6945496,4.3422915e-08,-0.057035208,0.6331427,0.6732335,87.08349,3.229107,-0.015970804,-2.8571885,5000,0.73890674,1000,1000.0,1000,5,0.0,882.2398150525987,865.1161346249282,840.9822819828987,5,15.20464823325486,3.3119843,0.019469818,-3.3700902,20000,0.7295239,1000,1000.0,1000,20,0.0,922.5909470170736,860.7859507164685,816.0413682125509,20,26.444912032417534,3006.0,61.29657554626465,20000.0,146.0,9146.623637914658,2920000.0,326.282501457274,2920000.0
7.6899047,-4.7963113e-08,-0.058639407,0.6327761,0.70997465,87.514755,2.8248882,0.022459436,-3.42091,5000,0.7327143,1000,1000.0,1000,5,0.0,902.3187838867307,859.8749007456005,834.1523800194263,5,24.76714304132388,3.09079,0.016834097,-3.331258,20000,0.7305667,1000,1000.0,1000,20,0.0,936.0050578787923,875.390634052176,809.5886649489403,20,33.83808942824885,3026.0,61.55460000038147,20000.0,147.0,9208.226889133453,2940000.0,324.9147910940215,2940000.0
7.684938,6.7055224e-09,-0.0641443,0.6323835,0.7786607,87.972206,2.9905753,0.031064887,-2.9426684,5000,0.72939044,1000,1000.0,1000,5,0.0,909.4773312732577,878.7870375812985,835.1306560114026,5,25.259553613829034,3.299167,0.0018807172,-3.2187407,20000,0.73066,1000,1000.0,1000,20,0.0,929.8970210179687,879.08796122903,794.7746037263423,20,32.54286833498285,3046.0,61.81145787239075,20000.0,148.0,9270.089039802551,2960000.0,323.5646057934734,2960000.0
7.6799293,-3.0826776e-08,-0.09544657,0.6319875,0.74292237,89.9924,2.661616,-0.039916787,-3.1973314,5000,0.73145324,1000,1000.0,1000,5,0.0,906.0055674891919,873.6111143573187,794.1986946170218,5,40.686856355377586,3.0177414,-0.015084484,-3.145128,20000,0.7329294,1000,1000.0,1000,20,0.0,930.472816882655,891.9513012100535,822.8207112178206,20,28.74599043931781,3066.0,62.24638915061951,20000.0,149.0,9332.38620686531,2980000.0,321.3037779847018,2980000.0
7.674403,-9.778887e-09,-0.06956394,0.631551,0.82465655,89.72493,2.7553802,-0.027184805,-3.2579203,5000,0.72925884,1000,1000.0,1000,5,0.0,935.5117548909038,880.1834419060499,835.5912983641028,5,32.411293271610816,3.3758507,-0.0028031056,-3.202663,20000,0.7319658,1000,1000.0,1000,20,0.0,925.5679727047682,879.4971483439556,832.7510595200583,20,27.291045785316083,3086.0,61.837093114852905,20000.0,150.0,9394.27323293686,3000000.0,323.4304685515063,3000000.0
