actor/alpha_mean,actor/alpha_mean_loss,actor/alpha_std,actor/alpha_std_loss,actor/kl_mean_loss,actor/kl_std_loss,actor/penalty_temperature,actor/policy_mean_loss,actor/policy_std_loss,actor/temperature,actor/temperature_loss,critic/loss,critic/q,test/action/max,test/action/mean,test/action/min,test/action/size,test/action/std,test/episode_length/max,test/episode_length/mean,test/episode_length/min,test/episode_length/size,test/episode_length/std,test/episode_score/max,test/episode_score/mean,test/episode_score/min,test/episode_score/size,test/episode_score/std,train/action/max,train/action/mean,train/action/min,train/action/size,train/action/std,train/episode_length/max,train/episode_length/mean,train/episode_length/min,train/episode_length/size,train/episode_length/std,train/episode_score/max,train/episode_score/mean,train/episode_score/min,train/episode_score/size,train/episode_score/std,train/episodes,train/epoch_seconds,train/epoch_steps,train/epochs,train/seconds,train/steps,train/steps_per_second,train/worker_steps
0.31447396,0.00013026822,44.695724,-0.004582558,0.0023855234,0.0049401233,9.822284,17.752384,17.759003,1.1352082,31.754862,1.6168761,32.77844,1.0,-0.02722492,-0.99999845,5000,0.73519266,1000,1000.0,1000,5,0.0,472.14059847475437,387.3932299218315,299.22562768962234,5,69.10577110295979,4.483493,0.07159715,-3.9645336,20000,0.8308265,1000,633.4666666666667,32,30,360.89321904900834,497.17571372538805,301.21916300073207,14.332740873098373,30,162.05804333546396,30.0,115.5518913269043,20000.0,1.0,115.5518913269043,20000.0,173.08241146325003,20000.0
0.40183097,3.075674e-08,166.0575,-0.004933681,0.0032146173,0.006262141,12.531203,17.77475,17.768078,1.340033,55.249393,1.9200097,55.35214,1.0,0.12732324,-1.0,5000,0.6899504,1000,1000.0,1000,5,0.0,693.9752587340772,550.1036510050296,492.54495257046074,5,73.46618400209947,4.5787597,0.07527216,-4.9959702,20000,1.0686402,1000,985.952380952381,705,21,62.82286222499409,623.5309767337458,451.5695901881235,245.4865671149455,21,109.18801875380206,51.0,162.2511899471283,20000.0,2.0,277.94686484336853,40000.0,123.2656599099043,40000.0
0.62507254,1.0652689e-05,334.35568,-0.005515831,0.0049899276,0.008190677,12.745875,17.763294,17.752968,1.2262934,58.4179,1.7600094,58.61133,1.0,0.07437338,-1.0,5000,0.7018784,1000,1000.0,1000,5,0.0,672.4625279372558,573.4583221521534,411.78263359470293,5,93.58794793103228,4.7492666,0.044260144,-4.2862377,20000,1.0599661,1000,1000.0,1000,20,0.0,693.9384009353817,581.5118538202514,356.03482139948756,20,87.09707072475746,71.0,161.5781991481781,20000.0,3.0,439.6765093803406,60000.0,123.77907480983033,60000.0
0.72221375,6.3873904e-07,497.5692,-0.0061477097,0.005777071,0.010128263,12.773367,17.725842,17.714064,1.2245643,62.811832,2.0360098,63.031944,1.0,-0.01895542,-1.0,5000,0.8160058,1000,1000.0,1000,5,0.0,744.3679275375325,683.2149814304779,566.0902517849754,5,61.50769701698552,4.600332,0.07587633,-4.1826015,20000,1.0543789,1000,1000.0,1000,20,0.0,738.8909177118912,640.7336675439728,379.1792750302702,20,79.58665411168279,91.0,161.0783200263977,20000.0,4.0,600.9081320762634,80000.0,124.16320207910275,80000.0
0.8211793,-1.9447223e-06,650.441,-0.0066207238,0.00657138,0.011824251,12.736253,17.694096,17.68158,1.2800707,66.77752,2.5863168,66.96537,1.0,-0.003406633,-1.0,5000,0.7427839,1000,1000.0,1000,5,0.0,788.814730187878,759.1170904338593,739.782280064188,5,18.745551405086697,4.973726,0.04977229,-4.0742865,20000,1.0608797,1000,1000.0,1000,20,0.0,797.4565148714464,725.0939651287765,620.7119486406446,20,57.072285588342716,111.0,160.81562757492065,20000.0,5.0,761.8793444633484,100000.0,124.36602276530877,100000.0
0.88515556,3.494625e-05,798.6453,-0.0068503143,0.0070462995,0.013239476,12.731452,17.669117,17.656103,1.2848238,70.589355,2.7902718,70.75878,1.0,-0.069254585,-1.0,5000,0.7387331,1000,1000.0,1000,5,0.0,940.7161717098206,850.9489059462037,755.366304378811,5,66.73832697965261,3.8806727,-0.013125345,-4.059519,20000,1.079856,1000,1000.0,1000,20,0.0,891.3018306372687,773.794040878916,585.7909477391222,20,87.61388337727844,131.0,159.86190462112427,20000.0,6.0,921.8972425460815,120000.0,125.1079802120485,120000.0
1.008752,-0.000719989,945.5891,-0.0072716027,0.008790004,0.014836316,12.723362,17.652655,17.63924,1.2822744,74.6488,2.8588095,74.82219,1.0,-0.04017772,-1.0,5000,0.79955405,1000,1000.0,1000,5,0.0,1069.123215753585,982.2242722534108,886.6077184532769,5,66.89005296001135,4.2426047,-0.025967658,-4.8583813,20000,1.0865787,1000,1000.0,1000,20,0.0,937.8470693615673,850.4763632230272,721.661694675684,20,61.603760574566294,151.0,159.51505994796753,20000.0,7.0,1081.5715217590332,140000.0,125.38001118216569,140000.0
5.853413,-0.0129732955,1088.3424,-0.008336883,0.0598006,0.017043622,12.68637,17.63052,17.618618,1.3732167,78.47219,3.2480192,78.60041,1.0,0.041949525,-1.0,5000,0.7402092,1000,1000.0,1000,5,0.0,1286.590591058135,954.2392487586476,752.7325558108278,5,181.06716912134758,4.3699713,0.010425169,-4.1310015,20000,1.0940901,1000,1000.0,1000,20,0.0,1136.6061087530106,896.3874242070888,721.6753553918097,20,128.71326552613272,171.0,159.56261801719666,20000.0,8.0,1241.2947857379913,160000.0,125.34264133122036,160000.0
4.999057,0.0051005427,1216.0806,-0.007990227,0.034891915,0.017718874,12.66833,17.616703,17.604574,1.4290378,81.558365,3.7477446,81.67134,1.0,0.023220144,-1.0,5000,0.78475136,1000,1000.0,1000,5,0.0,1095.9510746323504,980.1538434650981,908.7799554374069,5,68.67294279966018,4.1706724,0.048848674,-4.304776,20000,1.1164159,1000,1000.0,1000,20,0.0,1100.0923575237393,911.2838900694047,725.4878920798765,20,101.7746205135308,191.0,160.27562952041626,20000.0,9.0,1401.7293395996094,180000.0,124.78503475447187,180000.0
7.648774,-0.030028433,1350.7924,-0.009966607,0.09121863,0.020772945,12.659125,17.60719,17.594715,1.4170716,84.42156,3.8836973,84.56477,1.0,0.06474539,-1.0,5000,0.8221911,1000,1000.0,1000,5,0.0,1252.3586829267442,1217.590601247549,1196.9304356351495,5,20.609487968781387,4.360291,0.05785652,-4.2086825,20000,1.1106045,1000,1000.0,1000,20,0.0,1190.816410820058,1029.9503693842241,683.7752235755324,20,140.88969857601506,211.0,159.76642727851868,20000.0,10.0,1561.693412065506,200000.0,125.18274546588106,200000.0
12.035182,-0.0059029516,1483.6411,-0.009673422,0.10218441,0.02154255,12.644221,17.586716,17.574911,1.4199806,87.5083,4.054885,87.66478,1.0,0.07753091,-1.0,5000,0.8171166,1000,1000.0,1000,5,0.0,1585.663774995599,1451.1401167036033,1107.6263147834688,5,176.43946316846078,4.157312,0.0052709673,-4.0425935,20000,1.1292229,1000,1000.0,1000,20,0.0,1254.2881415709853,1033.9112431423505,833.6914869733155,20,129.52676264343935,231.0,160.74142169952393,20000.0,11.0,1722.6080601215363,220000.0,124.42343602874351,220000.0
9.776159,0.018657627,1602.007,-0.008764531,0.05955165,0.021580586,12.645422,17.58182,17.570446,1.4616591,90.31732,4.535343,90.46624,1.0,-0.044241283,-1.0,5000,0.8351715,1000,1000.0,1000,5,0.0,1634.1342609282583,1299.5077912265901,1038.6965217834804,5,226.3294052736056,4.5650797,0.02703357,-4.2747126,20000,1.1322306,1000,1000.0,1000,20,0.0,1367.376598325558,1067.637126660037,474.73294711392373,20,209.20039340523874,251.0,159.691978931427,20000.0,12.0,1882.4604558944702,240000.0,125.24110561988938,240000.0
5.8963733,-0.033213787,1725.5328,-0.010412642,0.08038477,0.024216905,12.633973,17.571516,17.558372,1.4883523,93.374214,4.8252425,93.4998,1.0,-0.017265482,-1.0,5000,0.8284844,1000,1000.0,1000,5,0.0,1526.825243331492,1286.4905364077306,1115.137061185087,5,194.63695033334702,4.370463,0.014611792,-4.315668,20000,1.1254536,1000,1000.0,1000,20,0.0,1427.0834667300805,1137.168353611193,794.9318374693394,20,172.8129390650281,271.0,159.45264267921448,20000.0,13.0,2042.073417186737,260000.0,125.4290908193716,260000.0
15.070552,-0.03806088,1863.505,-0.010844252,0.15862529,0.025752291,12.59439,17.552637,17.540693,1.4965515,96.4778,4.9931507,96.602806,1.0,0.012107483,-1.0,5000,0.84318364,1000,1000.0,1000,5,0.0,1521.3287845733576,1217.953708395292,729.7578808888793,5,291.66618038076666,4.4017057,0.029611865,-4.173542,20000,1.1216065,1000,1000.0,1000,20,0.0,1486.0691506367875,1203.2227551772696,1017.1960138110444,20,166.16283943587376,291.0,159.10027599334717,20000.0,14.0,2201.408275127411,280000.0,125.7068843855199,280000.0
19.028446,-0.00913013,1996.7942,-0.011256039,0.16135773,0.027230393,12.580127,17.539927,17.528187,1.525395,99.13743,5.5806136,99.248314,1.0,0.02029799,-1.0,5000,0.83526415,1000,1000.0,1000,5,0.0,1575.0850972123444,1392.8888086132938,1110.7029888621764,5,209.97651889481315,4.5616517,0.05215022,-4.216289,20000,1.1199689,1000,1000.0,1000,20,0.0,1479.6927606500685,1287.9141894471263,1013.3436732375994,20,165.10173502208326,311.0,159.58444476127625,20000.0,15.0,2361.150441646576,300000.0,125.3254979200396,300000.0
16.72449,0.02372715,2123.4412,-0.010314476,0.110068776,0.027302004,12.582871,17.530087,17.518856,1.5227578,102.08849,5.5304303,102.20617,1.0,0.011810303,-1.0,5000,0.85431665,1000,1000.0,1000,5,0.0,1618.9230823535472,1442.737389932829,1180.0703319637105,5,196.33797542494364,4.870143,0.0026384788,-4.4291487,20000,1.1235142,1000,1000.0,1000,20,0.0,1473.3518643453717,1248.8142604321924,1020.7289993297891,20,175.75952844622157,331.0,158.88326621055603,20000.0,16.0,2520.19734954834,320000.0,125.87858040062889,320000.0
7.568013,0.025542185,2227.1648,-0.0069084265,0.03500192,0.024725745,12.588422,17.52044,17.509813,1.5205102,104.673065,5.4146104,104.78761,1.0,0.007296805,-1.0,5000,0.855309,1000,1000.0,1000,5,0.0,1702.766407292569,1449.5747646281961,1151.485791850835,5,225.75905651599055,4.917613,-0.01550319,-4.125313,20000,1.1302495,1000,1000.0,1000,20,0.0,1521.1241271607578,1269.870147818519,1059.4068559892476,20,178.22627455932792,351.0,159.74422764778137,20000.0,17.0,2680.098079442978,340000.0,125.20014209275732,340000.0
0.00065865734,2.7848419e-06,2324.2288,-0.006421848,2.4844169e-06,0.02501568,12.5891285,17.5106,17.497429,1.5350409,107.41855,6.0898337,107.49179,1.0,0.03305476,-1.0,5000,0.85345536,1000,1000.0,1000,5,0.0,1762.9394358731806,1650.0669003166258,1250.778511303477,5,200.1285629810005,4.467281,-0.031528305,-4.347071,20000,1.1300105,1000,1000.0,1000,20,0.0,1530.6587639292702,1255.7993192379886,1046.121936301177,20,153.89298502986412,371.0,159.2074625492096,20000.0,18.0,2839.463358640671,360000.0,125.62225212161886,360000.0
3.5764544,-0.034693915,2428.602,-0.0094532175,0.06330555,0.028882034,12.578455,17.502611,17.487753,1.5595971,109.42207,6.759576,109.46144,1.0,0.004727301,-1.0,5000,0.84415406,1000,1000.0,1000,5,0.0,1771.4206415601075,1565.8223860405385,1266.381399275735,5,233.15434482157752,4.4626837,-0.036006454,-4.191034,20000,1.1249346,1000,1000.0,1000,20,0.0,1537.7047226061113,1187.9674904952058,414.9698601849377,20,302.8557669035708,391.0,159.44024991989136,20000.0,19.0,2999.06311917305,380000.0,125.4388400046333,380000.0
13.069272,-0.08384816,2541.1875,-0.012143825,0.18840234,0.03247333,12.554318,17.487505,17.473042,1.6350468,110.83482,9.38746,110.84857,1.0,-0.047678567,-1.0,5000,0.8463262,1000,1000.0,1000,5,0.0,1815.1084890291095,1600.1853526573627,1284.216893046163,5,245.92507464691857,4.523819,-0.030111298,-4.384,20000,1.1304473,1000,1000.0,1000,20,0.0,1543.7022273596376,1321.903267545646,1095.5655470129568,20,165.21382518252645,411.0,159.48985815048218,20000.0,20.0,3158.7155573368073,400000.0,125.39982311056771,400000.0
20.281311,-0.08052528,2659.3645,-0.013881174,0.24277578,0.03515609,12.542051,17.480227,17.4658,1.6249255,112.14431,9.011293,112.16769,1.0,-0.029644147,-1.0,5000,0.8452937,1000,1000.0,1000,5,0.0,1797.5402213195339,1653.231747319689,1267.8440942799207,5,196.21923094309952,4.218126,-0.040140904,-4.331752,20000,1.1270412,1000,1000.0,1000,20,0.0,1493.8500536605716,1238.704033773698,830.0485193497152,20,186.6603022401724,431.0,159.26955270767212,20000.0,21.0,3318.231648683548,420000.0,125.5732791358344,420000.0
25.502104,-0.05268072,2776.8894,-0.014532187,0.2566976,0.036747303,12.534276,17.4695,17.455385,1.6145371,112.867775,10.83876,112.910416,1.0,-0.02026087,-1.0,5000,0.84185225,1000,1000.0,1000,5,0.0,1880.5098529504612,1689.8258330740268,1236.7340617463924,5,233.71504023256574,4.315721,-0.053524055,-4.4279213,20000,1.132599,1000,1000.0,1000,20,0.0,1552.864745772793,1346.5195572650634,1074.8508348548785,20,178.93318724924006,451.0,160.03799533843994,20000.0,22.0,3478.426162958145,440000.0,124.97032318922173,440000.0
28.095135,-0.032330696,2888.5098,-0.015677167,0.2570918,0.03878525,12.539493,17.46239,17.448391,1.6480404,114.122314,13.669102,114.1697,1.0,-0.1583899,-1.0,5000,0.8356787,1000,1000.0,1000,5,0.0,1267.995909972582,1231.0332690368173,1195.2083410322666,5,24.53746979571418,4.797819,-0.053293444,-4.6081815,20000,1.1328858,1000,1000.0,1000,20,0.0,1607.9406782952137,1293.1141631091245,910.141186845256,20,232.4394018505136,471.0,159.63600373268127,20000.0,23.0,3638.2221994400024,460000.0,125.28502049882827,460000.0
29.056328,-0.0045685945,3001.0305,-0.01598898,0.23701921,0.039997224,12.534666,17.452852,17.439423,1.6506393,114.99722,13.323625,115.04611,1.0,-0.075317934,-1.0,5000,0.84793836,1000,1000.0,1000,5,0.0,1916.9126712447032,1600.7868402036838,1217.4052349091507,5,297.5335693251755,4.130833,-0.054734327,-4.346053,20000,1.1342466,1000,1000.0,1000,20,0.0,1607.0039852494374,1253.8958202517067,871.1276737973094,20,219.76322951983553,491.0,159.1255431175232,20000.0,24.0,3797.5094952583313,480000.0,125.68692372178658,480000.0
28.162838,0.020252634,3107.89,-0.015397082,0.20505007,0.0402602,12.530418,17.449066,17.43626,1.6472079,115.9079,12.94344,115.96545,1.0,-0.025198562,-1.0,5000,0.86349833,1000,1000.0,1000,5,0.0,2002.6911498866975,1964.6291483052578,1946.6772826611996,5,19.83605694904641,5.021119,-0.08509416,-4.021837,20000,1.1364173,1000,1000.0,1000,20,0.0,1549.8435666412115,1269.6473661341145,1055.9230377576314,20,185.47974275203026,511.0,159.8359112739563,20000.0,25.0,3957.504068374634,500000.0,125.12832592245373,500000.0
26.041708,0.031387016,3207.4778,-0.01602015,0.17694668,0.041679975,12.539529,17.441,17.428274,1.6236721,117.2847,10.820674,117.40251,1.0,-0.15131654,-1.0,5000,0.85049826,1000,1000.0,1000,5,0.0,1975.1487045306712,1512.6982971618186,1233.4117532614619,5,330.8831288004021,4.63284,-0.07005092,-4.4693117,20000,1.1353823,1000,1000.0,1000,20,0.0,1629.245058881119,1429.871175432671,1112.6245330870152,20,183.57950037106062,531.0,159.04333758354187,20000.0,26.0,4116.71063375473,520000.0,125.75188815749325,520000.0
22.087086,0.047690958,3307.0535,-0.01470582,0.12900576,0.04116225,12.543906,17.435856,17.424072,1.6692992,118.32521,14.193966,118.40691,1.0,-0.097956754,-1.0,5000,0.8606459,1000,1000.0,1000,5,0.0,1952.5296767242253,1634.4194532709196,1200.7383142388426,5,324.51898019631795,4.2597933,-0.1137392,-4.2371826,20000,1.1270587,1000,1000.0,1000,20,0.0,1692.5042742318474,1360.5838597993534,1103.3314341567457,20,205.87308793979943,551.0,159.5003263950348,20000.0,27.0,4276.3717222213745,540000.0,125.39159293295712,540000.0
16.380762,0.046690583,3400.9375,-0.013189402,0.08435553,0.040396903,12.550684,17.434431,17.423332,1.6668742,119.94785,15.4896145,119.99601,1.0,-0.10793286,-1.0,5000,0.8621897,1000,1000.0,1000,5,0.0,2021.1583062913269,1698.0585156738293,1219.3669757696334,5,378.85734149622203,4.3024387,-0.11061834,-4.211505,20000,1.1343203,1000,1000.0,1000,20,0.0,1650.4892510436475,1407.4260512027308,1171.36954148137,20,184.95229353423406,571.0,158.83545184135437,20000.0,28.0,4435.369147062302,560000.0,125.91647373519672,560000.0
6.492058,0.028962282,3472.1655,-0.007730538,0.022974182,0.035507865,12.554037,17.423943,17.414263,1.6709266,121.34809,17.270367,121.39624,1.0,-0.18592392,-1.0,5000,0.84318596,1000,1000.0,1000,5,0.0,1962.2707898166263,1396.3675637119,1206.6857606964186,5,284.60020742576245,4.3660398,-0.13058306,-4.0602794,20000,1.1346421,1000,1000.0,1000,20,0.0,1644.194001992233,1325.822832147099,1039.1727984291501,20,208.62136625985136,591.0,159.53648567199707,20000.0,29.0,4595.079521656036,580000.0,125.3631726670944,580000.0
0.00023571012,1.4855517e-06,3514.4863,-0.004980297,4.0012952e-07,0.033096187,12.551764,17.419863,17.40976,1.6956502,122.89045,18.54954,122.871025,1.0,-0.099624835,-1.0,5000,0.8616955,1000,1000.0,1000,5,0.0,2000.76359970856,1689.3587103592813,1196.2610817243694,5,361.89383021360135,4.3087277,-0.11780636,-4.822181,20000,1.1378622,1000,1000.0,1000,20,0.0,1699.4157145619392,1418.737275533343,1162.8925703344867,20,214.1792939646551,611.0,159.42930960655212,20000.0,30.0,4754.669075012207,600000.0,125.4474478335071,600000.0
5.8680865e-08,2.2816844e-10,3533.4175,-0.0022840893,2.412785e-10,0.030551428,12.544384,17.412598,17.402704,1.7000109,124.48135,21.3455,124.4296,1.0,-0.0644758,-1.0,5000,0.864258,1000,1000.0,1000,5,0.0,1982.9411139646545,1748.1769859636202,1142.8536804039031,5,317.14784819537385,4.2408648,-0.13573453,-4.361903,20000,1.1321254,1000,1000.0,1000,20,0.0,1709.4529630355537,1348.7255691416328,941.3344040680677,20,238.9312030206498,631.0,158.55775117874146,20000.0,31.0,4913.392292022705,620000.0,126.13700592570898,620000.0
3.4559513e-08,9.305729e-11,3528.098,-0.00052059296,1.834188e-10,0.028745377,12.539456,17.40084,17.390959,1.6873238,126.04204,16.592691,126.00401,1.0,-0.16775414,-1.0,5000,0.83750397,1000,1000.0,1000,5,0.0,2020.2290151482448,1448.5090609044769,1265.5273483856581,5,287.1596816943983,4.243009,-0.11067758,-3.951068,20000,1.1308395,1000,1000.0,1000,20,0.0,1761.6691353386268,1457.4346861979488,1115.5772289677989,20,234.3294426014012,651.0,158.20721435546875,20000.0,32.0,5071.760810136795,640000.0,126.41648537634251,640000.0
3.152571e-08,7.6771034e-11,3501.3608,0.0008420439,1.7543467e-10,0.027168844,12.534625,17.389599,17.379528,1.6909051,127.38528,20.809155,127.32328,1.0,-0.07113793,-1.0,5000,0.8620038,1000,1000.0,1000,5,0.0,2015.5773977469653,1873.8092240167782,1375.2657706290483,5,250.48132388526722,4.2585707,-0.13039286,-4.304085,20000,1.1339254,1000,1000.0,1000,20,0.0,1706.0863977358094,1460.9626649733254,1220.5061831846833,20,192.98364852761435,671.0,158.55118203163147,20000.0,33.0,5230.499195098877,660000.0,126.1422320775252,660000.0
3.0128813e-08,6.619693e-11,3459.8965,0.0018667885,1.7483359e-10,0.025812382,12.526683,17.377073,17.36679,1.7181265,128.33458,23.975164,128.26111,1.0,-0.08707606,-1.0,5000,0.86310244,1000,1000.0,1000,5,0.0,2109.5944060385227,1829.4709789637243,1415.2362251318991,5,336.5144689501436,4.4031606,-0.09362617,-4.2546463,20000,1.134028,1000,1000.0,1000,20,0.0,1728.6487559373782,1503.3172208288931,1224.6560225002468,20,186.20956137984447,691.0,159.13541102409363,20000.0,34.0,5389.791310071945,680000.0,125.67912993904251,680000.0
2.9355974e-08,6.118631e-11,3401.7087,0.0028187623,1.736615e-10,0.024394909,12.525056,17.377762,17.367283,1.7284608,129.81366,24.525452,129.72389,1.0,-0.0461404,-1.0,5000,0.87551045,1000,1000.0,1000,5,0.0,2133.2275020340458,1953.7722988984547,1358.786584070418,5,298.1214281760867,4.748851,-0.09727495,-4.5370984,20000,1.1337658,1000,1000.0,1000,20,0.0,1791.4225722180272,1524.8558745592004,1246.469484705478,20,197.844381894041,711.0,159.81346726417542,20000.0,35.0,5549.766761302948,700000.0,125.14589879299427,700000.0
2.8882639e-08,5.6517502e-11,3333.553,0.0032161248,1.7454366e-10,0.0234523,12.524689,17.370684,17.359833,1.6657082,130.7672,17.587645,130.70853,1.0,-0.07485238,-1.0,5000,0.87170273,1000,1000.0,1000,5,0.0,2121.9054232066264,1762.6693671630928,1355.1428428883664,5,323.9058422988497,4.3118706,-0.09979854,-4.1169276,20000,1.1370311,1000,1000.0,1000,20,0.0,1745.513335811891,1475.9660316541856,1250.18731764704,20,188.3958712000728,731.0,159.18686366081238,20000.0,36.0,5709.116498470306,720000.0,125.63850772646056,720000.0
2.8824134e-08,5.3246775e-11,3259.0347,0.0035081208,1.773463e-10,0.022564158,12.518403,17.358517,17.347462,1.6639466,131.58908,16.725174,131.55333,1.0,-0.07812104,-1.0,5000,0.8566096,1000,1000.0,1000,5,0.0,2127.6083052475005,1811.1886031528004,1386.8898791130632,5,328.0995245848105,4.3403854,-0.07011113,-4.4207954,20000,1.1409199,1000,1000.0,1000,20,0.0,1783.5489871297032,1540.7206247813824,1169.2194732301868,20,208.55090728431406,751.0,159.27982902526855,20000.0,37.0,5868.644697189331,740000.0,125.5651774765978,740000.0
2.9015032e-08,4.844602e-11,3172.7083,0.0039147106,1.8367426e-10,0.021466954,12.512417,17.349371,17.338171,1.7048787,132.65721,23.937271,132.5824,1.0,-0.104114786,-1.0,5000,0.8543326,1000,1000.0,1000,5,0.0,2097.17511472106,1701.7827781974106,1415.4509445279837,5,319.3593662626148,4.5123844,-0.07105222,-4.2030663,20000,1.1412733,1000,1000.0,1000,20,0.0,1861.1588122472167,1584.5451330344208,1187.0118649434298,20,214.61490157187467,771.0,159.1852765083313,20000.0,38.0,6027.989809513092,760000.0,125.63976040179355,760000.0
2.9517821e-08,4.2262662e-11,3079.21,0.0040080077,1.938799e-10,0.020625671,12.507927,17.335386,17.323984,1.8024149,133.79932,38.727306,133.6478,1.0,-0.08494929,-1.0,5000,0.859021,1000,1000.0,1000,5,0.0,2201.3168996213935,1872.9183278605342,1426.9516874980181,5,351.4380585243395,4.194672,-0.12051897,-4.0245495,20000,1.138321,1000,1000.0,1000,20,0.0,1819.663638105616,1466.0325192559321,1212.6229260526597,20,216.05410639160866,791.0,159.53583359718323,20000.0,39.0,6187.692037820816,780000.0,125.36368506713417,780000.0
3.06059e-08,3.636371e-11,2981.3154,0.0039663776,2.0848347e-10,0.019884145,12.502078,17.327837,17.316269,1.8083713,134.87625,34.318275,134.72377,1.0,-0.1585138,-1.0,5000,0.8502006,1000,1000.0,1000,5,0.0,2180.3019436774775,1616.5772773891688,1417.0168823129497,5,284.98118321414296,4.456657,-0.07570352,-4.2204094,20000,1.142497,1000,1000.0,1000,20,0.0,1839.8650580141693,1546.3643088520184,1225.0228952970356,20,224.2944055387371,811.0,159.11266541481018,20000.0,40.0,6346.9675352573395,800000.0,125.69709612908291,800000.0
3.2898797e-08,2.9834905e-11,2880.0745,0.004013527,2.333555e-10,0.019027067,12.4985285,17.321455,17.309736,1.7666116,136.1094,29.82875,136.00156,1.0,-0.10440891,-1.0,5000,0.87611955,1000,1000.0,1000,5,0.0,2146.811223881319,1715.6770294854882,1410.9073498821817,5,341.04980327788996,4.667248,-0.036966052,-4.474309,20000,1.1428016,1000,1000.0,1000,20,0.0,1781.8431131727993,1606.4702018377488,1189.7809217199683,20,174.08018403783785,831.0,158.60844087600708,20000.0,41.0,6505.735368013382,820000.0,126.09669377958956,820000.0
3.778927e-08,1.6552239e-11,2778.5725,0.0038800025,2.8576191e-10,0.018348575,12.5018425,17.308758,17.296759,1.7985044,136.75764,36.65663,136.5912,1.0,-0.06957902,-1.0,5000,0.8852523,1000,1000.0,1000,5,0.0,2122.459517357871,1800.2579900780693,1364.9817216955125,5,348.5313895062519,4.208413,-0.011126638,-4.2181177,20000,1.1410797,1000,1000.0,1000,20,0.0,1860.4664087626152,1599.9726703929482,1099.1326591670513,20,192.4263233677463,851.0,158.49996614456177,20000.0,42.0,6664.396544456482,840000.0,126.1829922522429,840000.0
5.639396e-08,-2.3563557e-11,2674.5708,0.0036600048,4.747153e-10,0.017736565,12.488862,17.296822,17.28478,1.820043,137.2744,51.075047,137.0754,1.0,-0.07670385,-1.0,5000,0.8701627,1000,1000.0,1000,5,0.0,2099.354220858775,1700.1541677198372,1410.146324366331,5,319.33871100660906,4.041181,-0.11244548,-4.6014776,20000,1.139658,1000,1000.0,1000,20,0.0,1765.5865518711507,1427.7999777161924,1189.9692879943177,20,188.81582811681088,871.0,159.43092608451843,20000.0,43.0,6823.988623380661,860000.0,125.44617591569083,860000.0
2.5406067,-0.014181076,2584.7605,0.0019845958,0.034505934,0.018693488,12.483906,17.290691,17.278126,1.816231,138.08475,41.284904,137.90485,1.0,0.0008358131,-1.0,5000,0.881312,1000,1000.0,1000,5,0.0,2152.0422251131386,2001.580955332704,1549.95150561817,5,228.61971187972014,4.078034,-0.09378973,-4.097402,20000,1.1450269,1000,1000.0,1000,20,0.0,1775.3929165154696,1469.2802627861179,1138.4921416342258,20,219.20784930666628,891.0,158.55627012252808,20000.0,44.0,6982.7056674957275,880000.0,126.13818415723661,880000.0
10.396477,-0.03348343,2540.4187,0.0010844036,0.116655245,0.019238945,12.470957,17.281502,17.26988,1.8447504,138.72266,45.451614,138.59471,1.0,-0.019890072,-1.0,5000,0.87991273,1000,1000.0,1000,5,0.0,2166.041702510789,1999.181421886012,1497.0306042283773,5,254.54519539500947,4.1940165,-0.05365108,-4.3447523,20000,1.1443125,1000,1000.0,1000,20,0.0,1833.224124261178,1622.6782420263567,1259.4470707345754,20,195.89001774045613,911.0,158.6368854045868,20000.0,45.0,7141.503884792328,900000.0,126.07408389916438,900000.0
16.307783,-0.036768235,2517.2595,-0.00038789245,0.16723049,0.020525966,12.459061,17.266771,17.254963,1.8463193,139.2191,39.068314,139.11354,1.0,-0.06581751,-1.0,5000,0.8728144,1000,1000.0,1000,5,0.0,2238.753564680461,1949.0962242865935,1513.6416507400572,5,312.14776975937326,4.286038,-0.06610892,-4.4388876,20000,1.1430215,1000,1000.0,1000,20,0.0,1844.1137963235378,1630.5941309623347,1323.7652956908569,20,191.01850129761337,931.0,158.7682614326477,20000.0,46.0,7300.430898427963,920000.0,125.96976133346621,920000.0
19.968904,-0.018829891,2509.9753,-0.00054988894,0.17858113,0.020629693,12.447597,17.261292,17.25016,1.9072143,139.62029,57.221786,139.41806,1.0,-0.06957304,-1.0,5000,0.88289946,1000,1000.0,1000,5,0.0,2185.905921745114,1929.146394232032,1545.3398198504,5,300.9164222207257,4.300896,-0.06682944,-4.224949,20000,1.1375477,1000,1000.0,1000,20,0.0,1848.4061476232018,1590.5429199368514,1318.6518028912724,20,184.41322971619593,951.0,159.14405012130737,20000.0,47.0,7459.736682891846,940000.0,125.67230747712543,940000.0
21.086285,-0.0018681074,2506.5742,-0.0011137733,0.1705584,0.021166367,12.43981,17.250639,17.23957,1.8476014,140.36835,41.498642,140.22198,1.0,-0.03128668,-1.0,5000,0.90034837,1000,1000.0,1000,5,0.0,2216.469494655794,2068.3354753678796,1590.0187701825052,5,240.51704110878674,4.4608455,-0.044565734,-4.3485856,20000,1.1455578,1000,1000.0,1000,20,0.0,1854.689001047751,1633.4841715450516,1337.2672725953162,20,183.42610640187394,971.0,158.7716360092163,20000.0,48.0,7618.778014183044,960000.0,125.96708393707708,960000.0
19.655436,0.01763928,2502.6843,-0.0004912307,0.1396042,0.020512704,12.443837,17.239923,17.229612,1.868382,140.94081,62.274513,140.84169,1.0,-0.037810225,-1.0,5000,0.9017575,1000,1000.0,1000,5,0.0,2183.880193505436,2040.0885801570025,1623.6984148928896,5,209.2231469766118,4.156788,-0.058343213,-4.085492,20000,1.146332,1000,1000.0,1000,20,0.0,1848.7953087445349,1594.826190206089,1204.075799365528,20,212.16212348164092,991.0,158.76930737495422,20000.0,49.0,7777.706997871399,980000.0,125.96893146839406,980000.0
16.51232,0.019840982,2497.4448,-0.0011884453,0.11225759,0.021168003,12.439559,17.229176,17.218832,1.8621483,141.3991,56.911686,141.27614,1.0,-0.10205282,-1.0,5000,0.88458365,1000,1000.0,1000,5,0.0,2200.157336785458,1803.1957179998049,1502.452963028103,5,291.5528930765101,4.71368,-0.037774105,-4.144248,20000,1.14341,1000,1000.0,1000,20,0.0,1802.3189090061933,1597.9896016184152,1281.0389118670137,20,178.11011500907645,1011.0,158.95668697357178,20000.0,50.0,7936.83096575737,1000000.0,125.8204381381276,1000000.0
11.124825,0.029608132,2476.3408,0.0018682678,0.059390467,0.017942458,12.426995,17.203894,17.194984,1.815983,142.06516,62.30499,141.99312,1.0,-0.052718725,-1.0,5000,0.89401585,1000,1000.0,1000,5,0.0,2302.583036812721,1977.6374774151948,1563.349087137729,5,334.9434528798943,3.9552372,-0.076692276,-3.914202,20000,1.1440806,1000,1000.0,1000,20,0.0,1858.016795635689,1539.6522898356257,1278.5548958363943,20,172.29906198459082,1031.0,158.83484554290771,20000.0,51.0,8095.829354524612,1020000.0,125.91695437886261,1020000.0
1.0224833,0.0048750388,2400.673,0.0029694312,0.003304828,0.016235953,12.398564,17.168068,17.15836,1.8438109,144.532,78.00436,144.36961,1.0,-0.014564605,-1.0,5000,0.8973784,1000,1000.0,1000,5,0.0,2328.353723026812,2227.5163971643897,2152.2192748337984,5,68.06125306815407,4.0229974,-0.09512089,-4.6356797,20000,1.1496023,1000,1000.0,1000,20,0.0,1870.764142004773,1507.5650719579335,1223.047863344662,20,204.453922503694,1051.0,159.4427580833435,20000.0,52.0,8255.436564207077,1040000.0,125.43686675029575,1040000.0
1.2174011e-06,3.579538e-09,2308.318,0.0039484734,6.1596688e-09,0.014518076,12.364032,17.12957,17.118734,1.8028582,146.5694,102.23038,146.39696,1.0,-0.08648583,-1.0,5000,0.8837101,1000,1000.0,1000,5,0.0,2351.910051809624,2006.6214797072112,1538.6026195138693,5,382.56034667158815,3.9098468,-0.05495614,-4.654887,20000,1.1505667,1000,1000.0,1000,20,0.0,1833.2278591245413,1584.9076815635958,1312.5784104561899,20,178.8943005479787,1071.0,158.65372896194458,20000.0,53.0,8414.253950119019,1060000.0,126.06069917711983,1060000.0
4.32105e-08,8.7517694e-11,2185.29,0.004767582,2.5816632e-10,0.012714737,12.33172,17.098873,17.087566,1.7819066,149.15822,48.323437,149.11496,1.0,-0.09756345,-1.0,5000,0.8742525,1000,1000.0,1000,5,0.0,2366.2537602391094,2052.0410441040995,1678.1992795141414,5,304.6682266096967,4.3646274,-0.062359136,-4.017274,20000,1.1419002,1000,1000.0,1000,20,0.0,1880.525709767826,1622.4923153011405,1358.4282254427671,20,173.49269855501146,1091.0,158.37165474891663,20000.0,54.0,8572.790699720383,1080000.0,126.28522466162345,1080000.0
3.4483335e-08,5.946201e-11,2045.5905,0.004998162,2.1640467e-10,0.011366562,12.325221,17.073122,17.061249,1.60555,151.36626,8.250149,151.57454,1.0,-0.055857398,-1.0,5000,0.8740469,1000,1000.0,1000,5,0.0,2381.8998471535742,2182.609667388699,1706.0343159786426,5,248.79867794423043,4.529913,-0.044488173,-3.9783773,20000,1.145865,1000,1000.0,1000,20,0.0,1887.3882830813527,1662.0983434172929,1279.7899668295868,20,187.3663387524007,1111.0,158.2761354446411,20000.0,55.0,8731.228103637695,1100000.0,126.36143752066292,1100000.0
3.17109e-08,5.0380266e-11,1901.7902,0.004962437,2.0330694e-10,0.010251887,12.322498,17.047234,17.035202,1.5612584,153.17932,8.082115,153.40387,1.0,-0.09518529,-1.0,5000,0.8788239,1000,1000.0,1000,5,0.0,2357.020845776424,2025.9439512457698,1743.5305312500568,5,268.1042288407173,3.9759395,-0.044249143,-4.3243723,20000,1.1459801,1000,1000.0,1000,20,0.0,1969.09695196338,1719.8969235607074,1463.617260560859,20,155.22028911888646,1131.0,158.74800777435303,20000.0,56.0,8890.141039848328,1120000.0,125.98583302178079,1120000.0
3.0426897e-08,4.5523287e-11,1766.1357,0.0047288267,1.9789186e-10,0.00940026,12.30798,17.020603,17.008423,1.5623194,155.37752,8.0292425,155.58435,1.0,-0.041259952,-1.0,5000,0.8759514,1000,1000.0,1000,5,0.0,2309.346794810146,2068.5544926004018,1779.6004489231855,5,193.25011778549208,4.403736,-0.037627973,-4.2867613,20000,1.1434559,1000,1000.0,1000,20,0.0,1910.7357004769146,1663.7051005930057,473.5121840983629,20,299.37934172583317,1151.0,158.52038741111755,20000.0,57.0,9048.910905122757,1140000.0,126.16673682565914,1140000.0
2.9615974e-08,4.34228e-11,1640.9105,0.0043490557,1.93505e-10,0.008778228,12.285803,16.988153,16.975859,1.5717429,157.48,8.117445,157.66699,1.0,-0.05358612,-1.0,5000,0.8739473,1000,1000.0,1000,5,0.0,2223.503028953448,1947.8607006989246,1708.4746896567813,5,185.40954802889854,4.292615,-0.057120357,-4.337135,20000,1.1487985,1000,1000.0,1000,20,0.0,1948.155939925462,1648.2674343257095,969.6368635836989,20,216.56788657917323,1171.0,158.31378602981567,20000.0,58.0,9207.388674736023,1160000.0,126.33138592385976,1160000.0
2.91595e-08,4.0441768e-11,1528.0673,0.0040104324,1.9283425e-10,0.008214107,12.258453,16.952147,16.939684,1.5807953,159.3896,8.100807,159.5531,1.0,-0.036791187,-1.0,5000,0.86911595,1000,1000.0,1000,5,0.0,2280.299538294901,2117.65859448018,1806.6628606831655,5,201.17875646230655,4.384046,-0.059097923,-4.3795033,20000,1.1440595,1000,1000.0,1000,20,0.0,1907.1866943016648,1732.382600628595,1516.0934032723308,20,140.27352281676804,1191.0,158.93250679969788,20000.0,59.0,9366.48143362999,1180000.0,125.83958060389708,1180000.0
2.8931469e-08,3.7867175e-11,1427.0205,0.003626193,1.9358463e-10,0.0077899727,12.231201,16.918621,16.90606,1.5798018,161.15092,8.146609,161.30759,1.0,-0.037893843,-1.0,5000,0.8703812,1000,1000.0,1000,5,0.0,2242.6018227357417,2097.794603747362,1903.6513268460985,5,119.89921668548726,4.3835363,-0.046755318,-4.184244,20000,1.133918,1000,1000.0,1000,20,0.0,1995.8574184440076,1778.2286524289289,1520.1767799034715,20,137.0215034617423,1211.0,158.75535035133362,20000.0,60.0,9525.402173042297,1200000.0,125.98000606429319,1200000.0
2.886718e-08,3.7504163e-11,1336.2972,0.0032805824,1.9343328e-10,0.0074097947,12.208183,16.885897,16.8733,1.5878723,162.93764,8.137853,163.08034,1.0,-0.05846272,-1.0,5000,0.8720786,1000,1000.0,1000,5,0.0,2255.560456737876,2090.1736103224566,1795.7489668950438,5,164.66355049380172,4.186369,-0.050305847,-4.1519628,20000,1.1341181,1000,1000.0,1000,20,0.0,2022.4551434877794,1759.4172825338173,1451.261930489156,20,167.20375607388317,1231.0,159.29004001617432,20000.0,61.0,9684.85891199112,1220000.0,125.55712835510117,1220000.0
2.8959402e-08,3.5421586e-11,1251.3779,0.002841826,1.9625364e-10,0.0071691964,12.181812,16.843346,16.830683,1.5927017,164.61266,8.129397,164.73914,1.0,-0.061102968,-1.0,5000,0.87795645,1000,1000.0,1000,5,0.0,2291.633981684223,2111.5719021573664,1909.1375063098967,5,153.73532306217544,4.87877,-0.054778412,-4.0054064,20000,1.128922,1000,1000.0,1000,20,0.0,1956.6758147567743,1726.5664784574358,694.4704567841254,20,275.02032363587,1251.0,157.84209489822388,20000.0,62.0,9842.867231607437,1240000.0,126.70891128818293,1240000.0
2.9220907e-08,3.4822093e-11,1170.6511,0.0024505076,1.989452e-10,0.006914702,12.1485815,16.804005,16.791353,1.5734447,166.04396,7.9715576,166.17496,1.0,-0.04631661,-1.0,5000,0.87895155,1000,1000.0,1000,5,0.0,2326.158845649101,2156.2964289950205,1940.874314502813,5,170.7449163109503,4.2104206,-0.04383921,-4.0454364,20000,1.1305145,1000,1000.0,1000,20,0.0,1999.873701560311,1826.5342044544668,1569.201712403912,20,141.0059728909106,1271.0,159.25572657585144,20000.0,63.0,10002.287493228912,1260000.0,125.58418105281922,1260000.0
2.9623687e-08,3.295508e-11,1093.8555,0.0020250177,2.040344e-10,0.006725827,12.123944,16.773157,16.760458,1.573528,167.19263,8.017901,167.31905,1.0,-0.060335968,-1.0,5000,0.88463783,1000,1000.0,1000,5,0.0,2152.3155761417,2040.4907466111704,1968.2452154597268,5,74.40129237180824,4.01919,-0.049667075,-4.426811,20000,1.1328229,1000,1000.0,1000,20,0.0,2026.4619194365805,1783.4334444161445,1468.0447712391615,20,165.36896348238062,1291.0,158.39604806900024,20000.0,64.0,10160.846134901047,1280000.0,126.26577647497639,1280000.0
3.0197487e-08,3.2356316e-11,1023.9728,0.0016318951,2.0922357e-10,0.0065598884,12.0958,16.735264,16.722425,1.5569524,168.30879,7.986361,168.44595,1.0,-0.049089164,-1.0,5000,0.88774264,1000,1000.0,1000,5,0.0,2318.7762676365674,2090.3318581564586,1914.9906306404155,5,149.89027654416802,4.3573475,-0.042527292,-4.376009,20000,1.1292167,1000,1000.0,1000,20,0.0,1954.1979483338073,1787.608332203744,1568.6697475798428,20,117.6372292603092,1311.0,158.73892903327942,20000.0,65.0,10319.746225118637,1300000.0,125.99303851802493,1300000.0
3.0892508e-08,3.1083903e-11,967.5563,0.0012877209,2.160562e-10,0.00645273,12.064627,16.693861,16.681114,1.5662012,169.49329,7.937216,169.6189,1.0,-0.056905877,-1.0,5000,0.8830675,1000,1000.0,1000,5,0.0,2356.751857975498,2163.100290544005,1810.064657907933,5,218.02266204580775,4.2208695,-0.03734554,-4.433598,20000,1.124672,1000,1000.0,1000,20,0.0,2020.866685371846,1853.74447368252,1450.6305043771863,20,138.56046998850485,1331.0,158.5726878643036,20000.0,66.0,10478.61361193657,1320000.0,126.12512450514005,1320000.0
3.1829902e-08,2.9817915e-11,925.4928,0.0009197649,2.2482127e-10,0.0064841784,12.028508,16.647612,16.6347,1.5685868,170.735,8.037997,170.85255,1.0,-0.04028111,-1.0,5000,0.8773562,1000,1000.0,1000,5,0.0,2372.8116653691977,2254.461738567997,2106.4206040431745,5,115.71908686297739,4.420533,-0.043025643,-3.7859662,20000,1.127989,1000,1000.0,1000,20,0.0,1996.4019897188991,1810.712547185723,1595.5107196103781,20,144.73970359307555,1351.0,157.988263130188,20000.0,67.0,10636.766048669815,1340000.0,126.59168221578133,1340000.0
3.2966618e-08,3.1440604e-11,896.274,0.0007335161,2.3229237e-10,0.0064366767,11.989324,16.60255,16.589739,1.5670661,171.75363,7.9707313,171.87251,1.0,-0.023788197,-1.0,5000,0.87608314,1000,1000.0,1000,5,0.0,2408.0451500331983,2302.583235579962,2038.06136771827,5,136.90791279068733,4.073164,-0.037557103,-4.06377,20000,1.1344255,1000,1000.0,1000,20,0.0,2009.8042534680571,1775.3391561352073,1511.4373777881265,20,163.54283484882407,1371.0,159.1839816570282,20000.0,68.0,10796.110094547272,1360000.0,125.6407823941183,1360000.0
3.4376548e-08,2.8841922e-11,876.5237,0.00053770735,2.461705e-10,0.006474482,11.95085,16.554476,16.541739,1.5623748,172.93614,7.963499,173.05956,1.0,-0.025389928,-1.0,5000,0.8864375,1000,1000.0,1000,5,0.0,2435.9265528135,2292.0771697610617,2101.18581377808,5,150.17526451554411,4.236189,-0.031491898,-4.735044,20000,1.1258706,1000,1000.0,1000,20,0.0,2047.070700865239,1816.8056439874229,1547.5282962024212,20,169.98176841522036,1391.0,158.54523706436157,20000.0,69.0,10954.822000980377,1380000.0,126.14696203002921,1380000.0
3.656069e-08,2.6425601e-11,866.4995,0.0003615736,2.6605995e-10,0.0065704216,11.917897,16.508272,16.49556,1.5565614,173.99039,7.8688626,174.10606,1.0,-0.027720984,-1.0,5000,0.8826564,1000,1000.0,1000,5,0.0,2411.1830522427335,2241.0656008401884,2089.801913658157,5,130.70397294023178,3.9438038,-0.019940002,-3.9359148,20000,1.1166458,1000,1000.0,1000,20,0.0,2053.4820951484144,1786.5598012240443,506.90919560566545,20,318.70011089112506,1411.0,159.54618525505066,20000.0,70.0,11114.533584833145,1400000.0,125.35555123444652,1400000.0
3.9467896e-08,2.7078867e-11,866.9755,0.00021338511,2.8866431e-10,0.006722419,11.881783,16.46165,16.448938,1.5278199,174.9484,7.7511396,175.0799,1.0,-0.037333913,-1.0,5000,0.9051723,1000,1000.0,1000,5,0.0,2103.836829740554,2023.5796355690807,1993.6464846786112,5,40.65310397492559,4.3699713,-0.026123773,-3.8818183,20000,1.1182457,1000,1000.0,1000,20,0.0,2040.9024867266417,1855.2214436877518,1602.6581479238812,20,129.6711752932369,1431.0,159.02216029167175,20000.0,71.0,11273.719099521637,1420000.0,125.76863478220169,1420000.0
4.2970473e-08,2.5732073e-11,875.2192,0.00020230155,3.1803177e-10,0.006799452,11.844286,16.414425,16.401737,1.5238483,176.11897,7.7029037,176.25081,1.0,-0.018968072,-1.0,5000,0.8781505,1000,1000.0,1000,5,0.0,2456.1291568502784,2265.7861749696544,2001.3828048612922,5,196.76102456297974,4.9440246,-0.023259733,-4.26651,20000,1.1210204,1000,1000.0,1000,20,0.0,2054.41457795701,1833.7996387310268,1387.771466575563,20,202.5140995021125,1451.0,158.98959684371948,20000.0,72.0,11432.871126413345,1440000.0,125.794394080131,1440000.0
4.7212797e-08,2.771099e-11,888.9387,0.00011466257,3.4999142e-10,0.0069968477,11.810167,16.373137,16.360529,1.5309763,177.27306,8.25975,177.39035,1.0,-0.03286394,-1.0,5000,0.88028413,1000,1000.0,1000,5,0.0,2400.575454976104,1783.6555018991553,535.3339423146099,5,647.8310923770755,4.2630653,-0.021793569,-4.025213,20000,1.1073649,1000,1000.0,1000,20,0.0,2115.509412739426,1895.6818149562575,1522.263214411214,20,168.77431332130203,1471.0,157.93866991996765,20000.0,73.0,11590.97435426712,1460000.0,126.63143237900263,1460000.0
5.21218e-08,2.6894969e-11,906.0613,2.8101611e-05,3.900794e-10,0.007220388,11.775792,16.32814,16.315638,1.5254338,178.4431,7.703993,178.56693,1.0,-0.024713168,-1.0,5000,0.8647477,1000,1000.0,1000,5,0.0,2463.06495253928,2251.6503606754586,2094.43403458409,5,165.44499711755583,3.9739923,-0.019472646,-4.2645288,20000,1.1108854,1000,1000.0,1000,20,0.0,2095.9313558624126,1877.7460456418253,1635.1691385824233,20,143.58590470994383,1491.0,158.96681666374207,20000.0,74.0,11750.104415416718,1480000.0,125.81242060288233,1480000.0
5.919779e-08,2.3618638e-11,924.4875,-3.1338495e-05,4.4996368e-10,0.0074272384,11.740374,16.28075,16.268167,1.5107684,179.52234,7.6820025,179.65546,1.0,-0.02210954,-1.0,5000,0.8721969,1000,1000.0,1000,5,0.0,2509.31089078635,2286.60515637286,2076.922243665904,5,169.90868881791533,4.041891,-0.013340874,-4.2611804,20000,1.102706,1000,1000.0,1000,20,0.0,2094.9604736333713,1917.445914238393,1644.559488398023,20,164.70047407995122,1511.0,158.4513397216797,20000.0,75.0,11908.805844306946,1500000.0,126.22171598630891,1500000.0
6.678317e-08,2.9306904e-11,942.697,-0.00010368224,5.049585e-10,0.007645258,11.706601,16.24157,16.22898,1.5036532,180.4675,7.665417,180.60695,1.0,-0.021856034,-1.0,5000,0.86206174,1000,1000.0,1000,5,0.0,2438.5547970940825,2258.7580303625436,2113.6206424832344,5,134.48363748531517,4.7394533,-0.0010632416,-4.0514517,20000,1.1128455,1000,1000.0,1000,20,0.0,2100.4176189638674,1799.0572144620642,1078.1706951351553,20,225.6371442127985,1531.0,159.363609790802,20000.0,76.0,12068.333085536957,1520000.0,125.49916525017332,1520000.0
6.968381e-08,3.2633413e-11,959.5201,-0.00012933227,5.248371e-10,0.0078054923,11.6802845,16.201193,16.188612,1.499096,181.22713,7.6733265,181.37306,1.0,-0.03654032,-1.0,5000,0.8769193,1000,1000.0,1000,5,0.0,2503.389780972153,2187.0598031133413,2079.568650022149,5,158.89551554943907,4.570464,-0.0043925974,-4.577357,20000,1.1022006,1000,1000.0,1000,20,0.0,2089.725688001141,1922.1211258691415,1665.5339772477746,20,150.76312736087834,1551.0,158.39568972587585,20000.0,77.0,12226.890108346939,1540000.0,126.26606212967395,1540000.0
7.490372e-08,2.9521403e-11,976.503,-0.00017648375,5.697083e-10,0.007988508,11.653935,16.165369,16.152842,1.4995686,182.25078,7.6943016,182.39354,1.0,-0.006171837,-1.0,5000,0.8644812,1000,1000.0,1000,5,0.0,2548.3864103916567,2267.040740010445,2049.5393177664373,5,214.48248363690664,4.38701,0.0041260202,-4.293756,20000,1.1090024,1000,1000.0,1000,20,0.0,2121.1489200517535,1865.3480678050546,1552.7309524193406,20,193.02011016082866,1571.0,158.6371874809265,20000.0,78.0,12385.695328950882,1560000.0,126.07384382936483,1560000.0
7.66365e-08,4.0439613e-11,993.9742,-0.00024819156,5.726524e-10,0.008199986,11.625414,16.128174,16.115772,1.4929842,183.21857,7.672193,183.36404,1.0,-0.005649298,-1.0,5000,0.8486118,1000,1000.0,1000,5,0.0,2520.8397661969066,2369.920402091183,2111.3440402038395,5,185.1688075586355,4.248869,0.0072341682,-4.0402303,20000,1.1041492,1000,1000.0,1000,20,0.0,2128.12346613314,1849.6012736988255,1607.7757589872926,20,158.51430524539225,1591.0,158.93485164642334,20000.0,79.0,12544.793346881866,1580000.0,125.83772402854272,1580000.0
7.499238e-08,2.997339e-11,1009.443,-0.00027021574,5.699657e-10,0.00834576,11.593513,16.0885,16.07598,1.4939032,184.14635,7.70446,184.29074,1.0,-0.0036080882,-1.0,5000,0.8575936,1000,1000.0,1000,5,0.0,2529.3455297090113,2238.1333224011587,1959.8791256751865,5,232.2329569134345,3.892155,0.01972214,-3.8757124,20000,1.1134348,1000,1000.0,1000,20,0.0,2116.2305546589196,1830.0297631247256,1612.8562318230397,20,162.37172633286215,1611.0,157.94087171554565,20000.0,80.0,12702.899346590042,1600000.0,126.62966705679806,1600000.0
7.840464e-08,2.8952805e-11,1023.1829,-0.00026388964,5.9828437e-10,0.008449353,11.565213,16.053076,16.040512,1.4985423,184.90741,7.8070483,185.05867,1.0,0.012290514,-1.0,5000,0.8210918,1000,1000.0,1000,5,0.0,2598.934346067719,2526.6193256384695,2331.835507114418,5,100.908515978104,3.9909232,0.0017396841,-3.8212128,20000,1.0995736,1000,1000.0,1000,20,0.0,2109.3462728841696,1899.1763494611369,1672.5690694060177,20,153.53512157922978,1631.0,158.62463474273682,20000.0,81.0,12861.691836118698,1620000.0,126.08382066528775,1620000.0
8.0984734e-08,2.0709321e-11,1034.9788,-0.00019724212,6.2716854e-10,0.008477074,11.539247,16.015493,16.002869,1.4914743,185.8346,7.802028,185.98427,1.0,0.0011273205,-1.0,5000,0.83229846,1000,1000.0,1000,5,0.0,2602.810235409066,2468.717177211586,2050.3157502263784,5,210.07544652565093,4.4590645,0.010647681,-4.067186,20000,1.0992349,1000,1000.0,1000,20,0.0,2131.7570091281086,1907.5399437981891,1676.7497349902987,20,150.52063316891318,1651.0,158.3149185180664,20000.0,82.0,13020.207575559616,1640000.0,126.33048222627018,1640000.0
9.363918e-08,8.470502e-12,1044.2458,-0.00026755847,7.406431e-10,0.008621524,11.518695,15.983707,15.971128,1.5037394,186.65959,7.809973,186.80415,1.0,0.015426215,-1.0,5000,0.8369887,1000,1000.0,1000,5,0.0,2585.659970236011,2462.185613361094,2103.245557822287,5,184.93232962474778,4.6848927,0.028101074,-3.7607994,20000,1.08936,1000,1000.0,1000,20,0.0,2148.805123295635,1855.3643802898237,397.3941117543727,20,368.39263848641576,1671.0,158.68774509429932,20000.0,83.0,13179.061526060104,1660000.0,126.03367694282322,1660000.0
1.3707874e-07,-3.7466565e-11,1053.6599,-0.00027476787,1.1340966e-09,0.008704047,11.492829,15.949292,15.936597,1.5046942,187.5037,7.768059,187.64935,1.0,0.018793378,-1.0,5000,0.8360319,1000,1000.0,1000,5,0.0,2609.6924373805523,2510.2929786257446,2160.9743783026934,5,175.15223711656765,3.902823,0.008301692,-4.186134,20000,1.0953097,1000,1000.0,1000,20,0.0,2140.3521912749857,1956.4992501033048,1731.6407357230783,20,135.48443785674513,1691.0,158.26914954185486,20000.0,84.0,13337.50277209282,1680000.0,126.36701503669183,1680000.0
0.0011557974,-3.2303848e-07,1067.2896,-0.00039303175,9.569419e-06,0.008931348,11.469492,15.918025,15.905231,1.4975307,188.19121,7.777907,188.33888,1.0,0.026367107,-1.0,5000,0.8436062,1000,1000.0,1000,5,0.0,2622.8589154034853,2398.074727214943,2042.5828695502132,5,247.23877482364173,4.3114395,0.009684315,-4.620489,20000,1.0915054,1000,1000.0,1000,20,0.0,2155.9013340622187,1956.2817627823533,1747.7263371607987,20,150.12259480643533,1711.0,158.23120260238647,20000.0,85.0,13495.896566867828,1700000.0,126.39732032029917,1700000.0
2.371573,-0.012207917,1094.5905,-0.001589605,0.031180505,0.010346328,11.452622,15.888658,15.875728,1.4999418,188.98483,7.776963,189.13681,1.0,0.03971,-1.0,5000,0.8320842,1000,1000.0,1000,5,0.0,2645.003244329244,2512.490057040751,2144.3598975986242,5,185.36399061761048,4.2652707,0.008530788,-4.0488987,20000,1.0951917,1000,1000.0,1000,20,0.0,2136.7126691415906,1902.8893109335368,1610.8426919961348,20,153.86781263277538,1731.0,158.4334053993225,20000.0,86.0,13654.501727342606,1720000.0,126.23600401437514,1720000.0
9.183846,-0.03850824,1153.2732,-0.0026803745,0.111979,0.011906561,11.420011,15.852088,15.839293,1.5015737,189.4298,7.8185906,189.60017,1.0,0.04335559,-1.0,5000,0.8554448,1000,1000.0,1000,5,0.0,2601.964869413525,2347.0024293971715,2157.4268633024767,5,180.91888313613114,4.239012,0.016524412,-4.3834605,20000,1.0981141,1000,1000.0,1000,20,0.0,2176.6513501130976,1905.9648514100595,1671.2111944518983,20,182.10747978262938,1751.0,158.2129647731781,20000.0,87.0,13812.883478403091,1740000.0,126.4118906353407,1740000.0
14.890145,-0.04845535,1217.9791,-0.0031145574,0.16757652,0.012858389,11.396708,15.819213,15.806472,1.4977139,189.89438,7.8805103,190.07947,1.0,0.030706167,-1.0,5000,0.8467925,1000,1000.0,1000,5,0.0,2635.6695321742445,2445.344207073562,2154.2770449826494,5,198.83820491404612,4.6323943,0.018167086,-4.5355883,20000,1.0987207,1000,1000.0,1000,20,0.0,2201.7318759448826,1894.7452864491847,1524.578606029041,20,178.42288190380145,1771.0,158.38315844535828,20000.0,88.0,13971.429113864899,1760000.0,126.2760523045128,1760000.0
19.038263,-0.03840834,1284.472,-0.003396511,0.19071446,0.013672287,11.368922,15.786676,15.774159,1.5043797,190.34337,7.9103236,190.54565,1.0,0.038608793,-1.0,5000,0.85221875,1000,1000.0,1000,5,0.0,2612.578959532082,2370.779170979839,2209.8794951550663,5,164.29796898006035,4.219226,0.0035021268,-4.337453,20000,1.08009,1000,1000.0,1000,20,0.0,2152.0921404152177,1998.533402994508,1740.9783663491253,20,131.9817061428254,1791.0,158.18966221809387,20000.0,89.0,14129.790072917938,1780000.0,126.43051208002632,1780000.0
21.684822,-0.026375843,1349.9333,-0.0035804962,0.19985445,0.014379963,11.346577,15.756182,15.743666,1.5191631,190.91666,8.047242,191.12454,1.0,0.016953414,-1.0,5000,0.84391093,1000,1000.0,1000,5,0.0,2625.501721168992,2271.605493440504,1941.9328900780529,5,271.1386539692481,4.4280367,0.0068364227,-4.236779,20000,1.095896,1000,1000.0,1000,20,0.0,2128.1224880144,1902.5374923349402,1512.5174429819454,20,149.67312250599633,1811.0,157.99189615249634,20000.0,90.0,14287.945136547089,1800000.0,126.5887712411254,1800000.0
23.35789,-0.014783496,1419.5908,-0.0036973304,0.20164663,0.0150540555,11.332158,15.731361,15.71897,1.5302738,191.46225,8.112475,191.67757,1.0,0.027154902,-1.0,4122,0.84283006,1000,824.4,122,5,351.2,2575.443153783679,1982.0469632989727,61.131324260961264,5,971.763948087071,4.2636757,0.009322675,-3.9156966,20000,1.0880932,1000,1000.0,1000,20,0.0,2140.0250242203474,1926.595635961095,1591.7946014143527,20,164.05394480962315,1831.0,156.78009581565857,20000.0,91.0,14444.89512348175,1820000.0,127.56721378405025,1820000.0
24.075497,-0.0028016327,1486.1956,-0.0037599334,0.19540562,0.015649496,11.314732,15.708299,15.696155,1.5208684,191.83092,8.098339,192.0649,1.0,-0.010245305,-1.0,5000,0.8436115,1000,1000.0,1000,5,0.0,2564.9281897693872,2191.168011002056,2035.2026785789058,5,192.0667626742019,4.3677387,0.025974838,-4.146487,20000,1.0804012,1000,1000.0,1000,20,0.0,2212.967323116027,1900.7044858252514,384.6587337888777,20,392.8213371530398,1851.0,158.3876667022705,20000.0,92.0,14603.52914762497,1840000.0,126.27245805442058,1840000.0
23.719908,0.009028934,1552.0864,-0.003970288,0.18073034,0.016386978,11.295395,15.685408,15.673642,1.517845,192.1381,8.0249605,192.38548,1.0,0.02035949,-1.0,5000,0.8358686,1000,1000.0,1000,5,0.0,2586.7231829080265,2453.227628330095,2116.9890922172926,5,174.09726939762533,4.6599207,0.01883375,-4.1705775,20000,1.0988474,1000,1000.0,1000,20,0.0,2165.71784643922,1867.7896219899412,1639.3276332952082,20,155.41358519198127,1871.0,157.63691544532776,20000.0,93.0,14761.33579659462,1860000.0,126.87383499924215,1860000.0
21.64832,0.024285864,1611.1636,-0.003753503,0.1489007,0.01664281,11.274365,15.652045,15.640794,1.5202603,192.97667,8.059465,193.23105,1.0,0.009671137,-1.0,5000,0.8392323,1000,1000.0,1000,5,0.0,2633.4176701761317,2450.293681080965,2256.2550695082173,5,157.07305768035832,4.0000887,0.01688928,-3.9393888,20000,1.0921054,1000,1000.0,1000,20,0.0,2169.125423718244,1897.6685597376722,1576.520654715132,20,174.64138660807038,1891.0,158.4935064315796,20000.0,94.0,14919.994886159897,1880000.0,126.18813508699705,1880000.0
18.022697,0.028977932,1661.8655,-0.0034084267,0.11520364,0.01670335,11.267669,15.632896,15.622019,1.5185869,193.38821,8.067547,193.65302,1.0,0.019772984,-1.0,5000,0.8436118,1000,1000.0,1000,5,0.0,2605.3625934328884,2425.7982920370996,2226.1372263766825,5,162.42789081503915,4.3305273,0.012892415,-4.2981277,20000,1.0881974,1000,1000.0,1000,20,0.0,2206.5590630667284,1952.9360029731063,1724.9338000784628,20,167.6305672872361,1911.0,157.69328236579895,20000.0,95.0,15077.857533931732,1900000.0,126.82848438404797,1900000.0
12.72398,0.033350963,1709.0846,-0.00240126,0.068440884,0.016073937,11.258307,15.614147,15.604186,1.5087912,193.95186,7.9670563,194.22682,1.0,0.007842906,-1.0,5000,0.8466025,1000,1000.0,1000,5,0.0,2570.767187688034,2327.2507342450785,2154.0113297505304,5,184.2217559035296,4.1423273,0.0063173953,-4.383459,20000,1.0960456,1000,1000.0,1000,20,0.0,2246.6733968686312,1898.3746703251586,1721.7209528740495,20,159.18844012401445,1931.0,158.48537135124207,20000.0,96.0,15236.505638837814,1920000.0,126.1946123448526,1920000.0
3.6876051,0.013802736,1731.4257,-0.00081868964,0.015698103,0.0146700945,11.247176,15.594508,15.584986,1.5163784,194.58022,8.06368,194.85022,1.0,0.018486524,-1.0,5000,0.8456693,1000,1000.0,1000,5,0.0,2521.3076857551932,2354.630681497755,2241.5584102403373,5,109.55926528993382,4.316184,0.006417737,-3.9727025,20000,1.0870198,1000,1000.0,1000,20,0.0,2172.972194880247,1977.1767725448706,1794.1384196598083,20,142.30240330186714,1951.0,158.3509681224823,20000.0,97.0,15395.025679588318,1940000.0,126.30172228899967,1940000.0
5.088192e-05,2.3293731e-07,1738.6094,-0.0004090221,1.7411801e-07,0.014317899,11.235677,15.575398,15.564664,1.4940393,195.52527,7.8595657,195.79118,1.0,0.0037300575,-1.0,5000,0.8455598,1000,1000.0,1000,5,0.0,2540.1604238701984,2374.5452780228106,2274.825364097953,5,90.32448350052276,4.3521132,0.005835518,-4.321458,20000,1.0814841,1000,1000.0,1000,20,0.0,2191.185361869633,1951.4010279276117,1658.0873572938144,20,176.69506352262735,1971.0,158.38054823875427,20000.0,98.0,15553.569666147232,1960000.0,126.27813340973259,1960000.0
9.2994476e-08,1.03775405e-10,1737.1526,6.5736975e-05,6.401804e-10,0.013831482,11.223055,15.555109,15.544291,1.4913441,196.3341,7.7897635,196.58612,1.0,0.010667224,-1.0,5000,0.8341233,1000,1000.0,1000,5,0.0,2581.0278666755185,2438.277005007863,2365.02251770813,5,75.11285025414601,4.3843565,0.011929977,-4.0552025,20000,1.0822406,1000,1000.0,1000,20,0.0,2194.115509895608,1997.611088677036,1764.6300833821297,20,129.54364906885647,1991.0,158.73418259620667,20000.0,99.0,15712.476220369339,1980000.0,125.99680593610181,1980000.0
4.881847e-07,-2.0155935e-10,1728.5508,0.00032024932,4.107037e-09,0.013508158,11.205197,15.533861,15.523173,1.481185,197.17079,7.737957,197.42004,1.0,-0.00794588,-1.0,5000,0.83131593,1000,1000.0,1000,5,0.0,2555.9845900163054,2399.293772918731,2286.945727571845,5,103.52945095300747,3.7247055,0.0100321835,-4.381849,20000,1.0800294,1000,1000.0,1000,20,0.0,2213.536439792253,2041.6856587683724,1858.8348517101258,20,117.50626076935653,2011.0,158.76376676559448,20000.0,100.0,15871.408845424652,2000000.0,125.97332758883734,2000000.0
0.03266182,1.873091e-08,1711.0294,0.0008631389,0.00026127588,0.012825096,11.189131,15.507773,15.497116,1.4847418,198.10315,7.7043123,198.34726,1.0,0.003191603,-1.0,5000,0.8349391,1000,1000.0,1000,5,0.0,2744.4623400177807,2408.9567910392884,2289.6188830244937,5,169.66891961488813,4.143054,0.008505428,-4.217704,20000,1.0885618,1000,1000.0,1000,20,0.0,2195.75773383677,1991.303945290437,1852.7508180234581,20,96.98459700134842,2031.0,159.02607655525208,20000.0,101.0,16030.599673509598,2020000.0,125.76553753466459,2020000.0
0.04714199,2.9001087e-06,1683.3024,0.0010605785,0.00037423588,0.01240584,11.176453,15.481232,15.470537,1.4749049,199.1372,7.6562157,199.38316,1.0,0.017816894,-1.0,5000,0.8230622,1000,1000.0,1000,5,0.0,2618.7318837866187,2383.2788821857075,2255.3632150664926,5,154.7010246886497,4.1875396,0.011993073,-4.11577,20000,1.077424,1000,1000.0,1000,20,0.0,2230.8804453089833,2013.382180842024,1785.2292768917978,20,115.85486921163654,2051.0,158.61991572380066,20000.0,102.0,16189.37980389595,2040000.0,126.08757171971585,2040000.0
0.045112602,6.8741974e-07,1648.6714,0.0012913402,0.00036021342,0.011898031,11.160816,15.4544735,15.443583,1.4687263,200.01723,7.591596,200.26149,1.0,0.016344136,-1.0,5000,0.82384264,1000,1000.0,1000,5,0.0,2713.396554246545,2471.4906916050413,2181.1043039043434,5,235.64301161733204,4.1420774,0.009984069,-3.7293904,20000,1.077729,1000,1000.0,1000,20,0.0,2238.8110209126025,2040.7143148797834,1869.6657405624865,20,116.3194341437808,2071.0,158.6442301273346,20000.0,103.0,16348.18996334076,2060000.0,126.0682470704869,2060000.0
0.051157903,1.1140266e-06,1606.7384,0.001486568,0.00040814924,0.01136734,11.145947,15.432632,15.421669,1.4666746,200.78285,7.6410985,201.02524,1.0,0.010245707,-1.0,5000,0.8199707,1000,1000.0,1000,5,0.0,2760.160934554413,2388.3625058166217,2128.432705176994,5,285.2896983419833,3.9929566,0.011908467,-3.8502474,20000,1.0758966,1000,1000.0,1000,20,0.0,2233.5180662996136,2031.6764203330908,1784.2969433777034,20,126.16186004283792,2091.0,158.59030628204346,20000.0,104.0,16507.00464463234,2080000.0,126.1111127714905,2080000.0
0.047178704,1.5389542e-06,1561.6796,0.0013292683,0.0003758907,0.011164168,11.128652,15.404136,15.393128,1.4613036,201.5299,7.535886,201.7797,1.0,0.010585635,-1.0,5000,0.827755,1000,1000.0,1000,5,0.0,2802.9119279962033,2494.5830299656836,2077.748517461121,5,313.7118671793302,4.271862,0.009268747,-4.7762694,20000,1.0682503,1000,1000.0,1000,20,0.0,2200.146995035466,2076.2674540011444,1797.4687875565141,20,109.5220189978721,2111.0,157.89875626564026,20000.0,105.0,16665.066253900528,2100000.0,126.66344227786753,2100000.0
0.034450557,5.5665225e-07,1523.6646,0.0012562006,0.00027504787,0.010933116,11.108822,15.375509,15.364314,1.4630415,202.22466,7.6145296,202.47565,1.0,0.02847228,-1.0,5000,0.8283478,1000,1000.0,1000,5,0.0,2770.8024164177477,2404.3650898452847,2117.7410014737397,5,287.5021742556408,4.423788,0.008003379,-3.9837923,20000,1.0736196,1000,1000.0,1000,20,0.0,2238.571334462613,2011.652776476508,1672.5557856280357,20,166.09739410356846,2131.0,158.65114402770996,20000.0,106.0,16823.88981604576,2120000.0,126.06275310883863,2120000.0
0.050571363,1.7648432e-06,1479.9261,0.0015458185,0.0004028061,0.010293592,11.094431,15.3509035,15.3396435,1.4633892,202.8106,7.515248,203.06258,1.0,0.019148992,-1.0,5000,0.8274205,1000,1000.0,1000,5,0.0,2732.392458371818,2359.6417240941896,2114.9366221278906,5,283.4085855507003,3.94901,0.01228714,-4.3749967,20000,1.0717732,1000,1000.0,1000,20,0.0,2324.9542773514986,2046.0750839709594,1842.7890408420935,20,133.73186763185464,2151.0,157.96865272521973,20000.0,107.0,16982.027262687683,2140000.0,126.60739744858884,2140000.0
0.043989222,1.4917622e-06,1420.982,0.0015993274,0.00035042208,0.009768529,11.082469,15.3262,15.314796,1.4504638,203.33667,7.499889,203.59332,1.0,0.01962542,-1.0,5000,0.83583355,1000,1000.0,1000,5,0.0,2747.411047529429,2479.6526484895962,2116.150643100962,5,281.4919144684373,4.355939,0.015302933,-3.9047809,20000,1.0737143,1000,1000.0,1000,20,0.0,2262.812342867255,2007.6113153316778,1578.9977827328257,20,168.30900453641044,2171.0,158.94304394721985,20000.0,108.0,17141.14404273033,2160000.0,125.83123805431455,2160000.0
0.049976386,2.6599878e-07,1369.3014,0.0012081682,0.00039954504,0.009746242,11.06692,15.298091,15.286576,1.4460375,204.05234,7.44205,204.3142,1.0,0.018341001,-1.0,5000,0.8255769,1000,1000.0,1000,5,0.0,2764.9430866912007,2310.826649386808,2037.2671936964616,5,242.46555042372165,4.7616963,0.015957382,-4.331172,20000,1.0712191,1000,1000.0,1000,20,0.0,2278.6776604689658,2060.6905019085593,1928.7734203170985,20,100.68133939583433,2191.0,158.26782131195068,20000.0,109.0,17299.584769010544,2180000.0,126.36807554568779,2180000.0
